gene	mutation	drug	drug_class	line	level	category	sample_id
ALK	p.L1424I	Alectinib	2nd-gen ALK TKI	1L	FDA-Approved	Oncogene	TCGA-50-5930
ALK	p.L1424I	Brigatinib	2nd-gen ALK TKI	1L	FDA-Approved	Oncogene	TCGA-50-5930
ALK	p.L1424I	Lorlatinib	3rd-gen ALK TKI	1L	FDA-Approved	Oncogene	TCGA-50-5930
ALK	p.R753L	Alectinib	2nd-gen ALK TKI	1L	FDA-Approved	Oncogene	TCGA-50-5930
ALK	p.R753L	Brigatinib	2nd-gen ALK TKI	1L	FDA-Approved	Oncogene	TCGA-50-5930
ALK	p.R753L	Lorlatinib	3rd-gen ALK TKI	1L	FDA-Approved	Oncogene	TCGA-50-5930
ALK	p.L566F	Alectinib	2nd-gen ALK TKI	1L	FDA-Approved	Oncogene	TCGA-50-5930
ALK	p.L566F	Brigatinib	2nd-gen ALK TKI	1L	FDA-Approved	Oncogene	TCGA-50-5930
ALK	p.L566F	Lorlatinib	3rd-gen ALK TKI	1L	FDA-Approved	Oncogene	TCGA-50-5930
MET	p.X861_splice	Tepotinib	MET inhibitor	1L	FDA-Approved	Oncogene	TCGA-50-5930
MET	p.X861_splice	Capmatinib	MET inhibitor	1L	FDA-Approved	Oncogene	TCGA-50-5930
MAP2K1	p.R189*	Trametinib	MEK inhibitor	Investigational	Phase II	Oncogene	TCGA-50-5930
MAP2K1	p.R189*	Cobimetinib	MEK inhibitor	Investigational	Phase I/II	Oncogene	TCGA-50-5930
