sample_id	gene	hgvsp	uniprot_id	am_variant	am_pathogenicity	am_class	is_luad_driver	impact	existing_class	civic_level
TCGA-49-AARN	TP63	p.F306C	Q9H3D4	F306C	0.9998	pathogenic	False	MODERATE	Possibly_Functional	
TCGA-49-AARN	SETD2	p.R1625C	Q9BYW2	R1625C	0.998	pathogenic	True	MODERATE	Possibly_Functional	
TCGA-49-AARN	TP53	p.M237I	P04637	M237I	0.9957	pathogenic	True	MODERATE	Possibly_Functional	
TCGA-49-AARN	KMT2C	p.I1159S	Q8NEZ4	I1159S	0.8931	pathogenic	False	MODERATE	VUS	
TCGA-49-AARN	SF3B1	p.K177N	O75533	K177N	0.7825	pathogenic	False	MODERATE	VUS	
TCGA-49-AARN	APC	p.P2009L	P25054	P2009L	0.5476	ambiguous	False	MODERATE	Possibly_Functional	
TCGA-49-AARN	JAK3	p.A607V	P52333	A607V	0.5129	ambiguous	False	MODERATE	Possibly_Functional	
TCGA-49-AARN	CCND2	p.V207M	P30279	V207M	0.4341	ambiguous	False	MODERATE	VUS	
TCGA-49-AARN	ATRX	p.K806T	P46100	K806T	0.356	ambiguous	False	MODERATE	VUS	
TCGA-49-AARN	MSH6	p.K692T	P52701	K692T	0.3417	ambiguous	False	MODERATE	VUS	
TCGA-49-AARN	CDK12	p.K853Q	Q9NYV4	K853Q	0.2699	benign	False	MODERATE	Possibly_Functional	
TCGA-49-AARN	ATRX	p.G1015D	P46100	G1015D	0.0965	benign	False	MODERATE	VUS	
