Name	Term	ES	NES	NOM p-val	FDR q-val	FWER p-val	Tag %	Gene %	Lead_genes	gene_set_db	luad_relevant
prerank	Epithelial cell signaling in Helicobacter pylori infection	0.6437134086325677	6.231313540693995	0.0	0.0	0.0	45/70	16.49%	MET;ATP6V1F;ATP6V0E1;RAC1;CXCL8;NFKBIA;ATP6V0B;CCL5;ATP6AP1;ATP6V1E1;ATP6V1G1;JUN;LYN;F11R;RELA;CDC42;CXCL1;GIT1;CSK;TCIRG1;ATP6V0D1;ATP6V1B2;ATP6V1D;PAK1;CASP3;ATP6V1C1;ATP6V1A;MAPK13;ATP6V1H;SRC;NFKB1;MAPK14;PTPN11;HBEGF;EGFR;ADAM10;TJP1;MAP2K4;MAPK9;CXCL2;CHUK;PLCG1;MAPK11;ATP6V0A1;IKBKB	KEGG_2021_Human	False
prerank	Reactive Oxygen Species Pathway	0.7570298364924123	6.124270657496272	0.0	0.0	0.0	38/48	14.56%	FTL;PRDX4;TXN;PRDX1;GPX4;PRDX6;SOD1;JUNB;GPX3;PRNP;NQO1;NDUFA6;PFKP;NDUFB4;PDLIM1;PRDX2;PTPA;LAMTOR5;HMOX2;G6PD;MGST1;SELENOS;TXNRD1;GSR;CAT;LSP1;NDUFS2;STK25;ATOX1;OXSR1;ABCC1;SBNO2;CDKN2D;GCLM;FES;GLRX;GCLC;ERCC2	MSigDB_Hallmark_2020	False
prerank	p53 signaling pathway	0.6998198183854825	5.261154598028407	0.0	0.0	0.0	61/73	25.13%	SFN;SERPINE1;IGFBP3;PERP;EI24;CDKN1A;SHISA5;CCND1;BCL2L1;THBS1;CCNB1;SIVA1;CDK4;PMAIP1;BAX;GADD45A;CYCS;STEAP3;CDK1;TP53I3;CCNG2;CCNG1;CASP3;GADD45B;CD82;SERPINB5;CCNB2;BID;CCND3;COP1;CHEK1;FAS;RRM2B;PTEN;TNFRSF10B;SESN2;RRM2;CDK2;TNFRSF10A;CDK6;CCNE1;RCHY1;CASP8;AIFM2;TSC2;DDB2;TP53;CASP9;BBC3;GORAB;CCND2;GTSE1;GADD45G;PPM1D;CHEK2;ZMAT3;MDM2;SESN1;SIAH1;APAF1;SESN3	KEGG_2021_Human	True
prerank	Bacterial invasion of epithelial cells	0.656259998392509	5.107955421992503	0.0	0.0	0.0	48/77	12.61%	ACTG1;ACTB;FN1;MET;CAV1;RHOA;RAC1;CDH1;ACTR2;CLTA;ARPC3;ARPC2;CAV2;WASL;RHOG;CTTN;ITGA5;SEPTIN2;CLTC;CLTB;ITGB1;CTNNB1;CTNNA1;ARPC4;SEPTIN9;ACTR3;SHC1;ARPC5;VCL;CDC42;WASF2;CRK;MAD2L2;CD2AP;HCLS1;SEPTIN11;BCAR1;CRKL;SRC;ARPC5L;PTK2;DNM2;ELMO2;ARPC1A;PXN;ELMO3;SEPTIN6;SEPTIN8	KEGG_2021_Human	False
prerank	Myc Targets V2	0.7404464850443216	5.006809531362297	0.0	0.0	0.0	49/57	18.32%	NPM1;SRM;HSPD1;DCTPP1;CBX3;HK2;FARSA;CDK4;MCM4;MRTO4;IMP4;RRP9;NOLC1;GNL3;UNG;PES1;PA2G4;MYC;EXOSC5;TBRG4;DDX18;BYSL;NOP56;NIP7;WDR43;NOC4L;TFB2M;MCM5;TMEM97;PLK1;GRWD1;HSPE1;AIMP2;RABEPK;MYBBP1A;MAP3K6;PPRC1;DUSP2;WDR74;SUPV3L1;RRP12;NOP16;RCL1;LAS1L;MPHOSPH10;NDUFAF4;TCOF1;PRMT3;PLK4	MSigDB_Hallmark_2020	True
prerank	TGF-beta Signaling	0.7761267929650821	4.8539794010640325	0.0	0.0	0.0	46/54	15.98%	RHOA;SERPINE1;CDH1;JUNB;PPP1CA;UBE2D3;CTNNB1;IFNGR2;ID3;RAB31;TGFB1;THBS1;ENG;PPP1R15A;FURIN;PMEPA1;FKBP1A;ID1;HDAC1;KLF10;ID2;CDK9;LTBP2;BMP2;SLC20A1;SMURF2;NCOR2;WWTR1;TGFBR1;SKI;ACVR1;BCAR3;TGIF1;SPTBN1;CDKN1C;SMAD3;TJP1;SMURF1;XIAP;PPM1A;SMAD7;FNTA;BMPR2;MAP3K7;SKIL;SMAD1	MSigDB_Hallmark_2020	True
prerank	Bladder cancer	0.752010904063388	4.741088204798876	0.0	0.0	0.0	31/41	18.15%	CXCL8;CDH1;MMP2;CDKN1A;CCND1;MMP1;TYMP;MMP9;THBS1;NRAS;CDK4;MAP2K1;MAP2K2;MAPK3;DAPK3;ARAF;MAPK1;VEGFA;MYC;ERBB2;HRAS;SRC;E2F1;HBEGF;RB1;EGFR;RASSF1;KRAS;RAF1;DAPK1;TP53	KEGG_2021_Human	False
prerank	PD-L1 expression and PD-1 checkpoint pathway in cancer	0.627489469061893	4.739173082185375	0.0	0.0	0.0	78/89	27.27%	HIF1A;NFKBIA;STAT1;CD4;IFNGR2;FOS;NRAS;JUN;IFNGR1;MAP2K1;MAP2K2;RELA;MYD88;MAPK3;STAT3;PPP3CA;MAPK1;AKT1;NFKBIE;HRAS;CD3D;MAPK13;PTPN6;NFKB1;MAP2K3;JAK1;MAPK14;PPP3CB;TICAM1;RPS6KB2;PPP3R1;BATF2;PTPN11;TLR2;EGFR;EML4;CD274;LCK;CD3E;BATF;PTEN;AKT2;MAP3K3;NFKBIB;PIK3CD;PPP3CC;CHUK;KRAS;PLCG1;PIK3CB;RPS6KB1;RAF1;MAPK11;IKBKB;PDCD1;CSNK2A2;MTOR;TLR4;JAK2;AKT3;CSNK2B;NFATC2;CSNK2A1;PIK3R1;MAPK12;CD247;BATF3;NFATC3;CD28;IKBKG;NFATC1;CD3G;TRAF6;TIRAP;PIK3CA;IFNG;PIK3R3;RASGRP1	KEGG_2021_Human	True
prerank	SNARE interactions in vesicular transport	0.7502637867355173	4.718744945969108	0.0	0.0	0.0	30/33	23.76%	VAMP8;VAMP5;VAMP3;VAMP7;YKT6;STX5;STX4;VAMP2;STX8;BET1L;VAMP4;STX6;USE1;VTI1B;STX16;GOSR1;SEC22B;SNAP29;STX3;BNIP1;STX18;GOSR2;STX2;STX7;STX1A;BET1;STX11;STX17;VTI1A;SNAP23	KEGG_2021_Human	False
prerank	Small cell lung cancer	0.6657775395941449	4.690756361071444	0.0	0.0	0.0	74/92	26.31%	FN1;LAMB3;LAMC2;ITGA3;CKS2;NFKBIA;CDKN1A;CCND1;ITGB1;BCL2L1;COL4A1;CDK4;BAX;LAMC1;RELA;TRAF4;CKS1B;CDKN1B;GADD45A;CYCS;ITGAV;COL4A2;MYC;AKT1;CASP3;ITGA2;GADD45B;BIRC2;LAMB2;NFKB1;BAK1;LAMA3;PTK2;LAMB1;E2F1;RXRB;RB1;ITGA6;MAX;PTGS2;PTEN;BIRC3;TRAF1;LAMA4;XIAP;AKT2;TRAF3;CDK2;CDK6;CCNE1;PIK3CD;TRAF2;CHUK;PIK3CB;RXRA;IKBKB;LAMA5;ZBTB17;DDB2;TP53;CASP9;AKT3;GADD45G;PIK3R1;E2F3;BIRC7;RARB;LAMC3;POLK;IKBKG;APAF1;TRAF6;PIK3CA;TRAF5	KEGG_2021_Human	False
prerank	Fc gamma R-mediated phagocytosis	0.6316708963537244	4.48827170755671	0.0	0.0	0.0	64/96	18.66%	FCGR3A;CFL1;RAC1;MARCKSL1;ACTR2;RAC2;ARPC3;ARPC2;ARF6;MARCKS;ARPC4;GSN;VASP;ACTR3;LYN;ARPC5;FCGR2A;MAP2K1;MAPK3;SPHK1;CDC42;HCK;WASF2;MAPK1;CRK;PLPP2;CFL2;PAK1;AKT1;PRKCD;LIMK1;CRKL;SYK;ARPC5L;PTPRC;DNM2;PIP5K1A;RPS6KB2;WAS;ARPC1A;VAV2;BIN1;INPPL1;VAV1;PLPP1;ASAP1;PIP5K1C;FCGR1A;AKT2;MYO10;PLPP3;LIMK2;PLD2;PIK3CD;FCGR2B;PLCG1;PIK3CB;RPS6KB1;RAF1;GAB2;DOCK1;PRKCA;PLA2G4A;INPP5D	KEGG_2021_Human	False
prerank	N-Glycan biosynthesis	0.6686629343508875	4.4654201678714385	0.0	0.0	0.0	34/50	17.40%	DAD1;RPN2;DDOST;RPN1;GANAB;B4GALT1;STT3A;STT3B;DPM3;DPM1;MGAT1;MGAT4B;FUT8;DPM2;B4GALT3;B4GALT2;ALG5;MAN1A1;SRD5A3;ALG3;ALG2;MAN1B1;MOGS;DOLK;DPAGT1;DOLPP1;ALG8;TUSC3;ST6GAL1;MGAT5;MAN2A1;MAN1A2;MGAT4A;ALG1	KEGG_2021_Human	False
prerank	Ferroptosis	0.6667233635411289	4.459381956011181	0.0	0.0	0.0	29/41	15.32%	FTL;SAT1;GPX4;NCOA4;CYBB;FTH1;PRNP;SLC3A2;VDAC3;HMOX1;VDAC2;ACSL4;STEAP3;SLC39A8;SLC40A1;MAP1LC3B;ACSL5;SAT2;PCBP2;TFRC;SLC39A14;ACSL1;GSS;ATG5;ACSL3;MAP1LC3A;GCLM;GCLC;ATG7	KEGG_2021_Human	False
prerank	Glutathione metabolism	0.5834650218006965	4.442179268351448	0.0	0.0	0.0	40/56	21.80%	GPX1;GSTP1;GSTO1;SMS;GPX4;PRDX6;PGD;LAP3;SRM;GPX3;IDH1;IDH2;ANPEP;ODC1;G6PD;MGST1;GSTK1;GSR;RRM1;MGST3;GSS;GPX8;MGST2;GGCT;RRM2B;GSTA4;GCLM;GPX7;RRM2;GSTM1;GCLC;GGT5;HPGDS;CHAC2;OPLAH;TXNDC12;GGT7;CHAC1;GSTO2;GSTM3	KEGG_2021_Human	False
prerank	Proteasome	0.762863519169724	4.371454435933415	0.0	0.0	0.0	34/46	8.34%	PSMB3;PSME1;PSMA7;PSMB4;PSMB5;PSMB6;PSMB1;PSMB7;PSMD2;PSMD8;PSMB9;PSME2;POMP;PSMB8;PSMD4;PSMD3;PSMC3;PSMD13;PSME3;PSMC4;PSMA3;PSMB2;PSMB10;ADRM1;PSMD11;PSMC5;PSMA5;PSMA4;PSMC2;PSMD7;PSMD12;PSMF1;PSMD14;PSMC6	KEGG_2021_Human	False
prerank	Pancreatic cancer	0.7086999469795329	4.21563050541988	0.0	0.0	0.0	63/76	22.25%	RAC1;CDKN1A;RAC2;STAT1;CCND1;RALB;BCL2L1;TGFB1;RALA;CDK4;RAC3;BAX;MAP2K1;RELA;MAPK3;CDC42;GADD45A;STAT3;TGFBR2;ARAF;MAPK1;VEGFA;ERBB2;AKT1;GADD45B;NFKB1;BAK1;TGFBR1;JAK1;BAD;E2F1;RPS6KB2;RALBP1;RB1;EGFR;TGFB3;SMAD3;TGFA;MAPK9;AKT2;PLD2;CDK6;ARHGEF6;PIK3CD;CHUK;KRAS;PIK3CB;RPS6KB1;RAF1;RAD51;SMAD4;TGFB2;IKBKB;DDB2;TP53;CASP9;MTOR;AKT3;GADD45G;SMAD2;MAPK8;PIK3R1;E2F3	KEGG_2021_Human	False
prerank	Renal cell carcinoma	0.6866866478578604	4.192180147185064	0.0	0.0	0.0	54/69	19.04%	MET;ELOB;RAC1;SLC2A1;HIF1A;CDKN1A;GRB2;TGFB1;NRAS;JUN;FH;MAP2K1;MAP2K2;RBX1;MAPK3;CDC42;ELOC;ARAF;MAPK1;RAP1A;PAK2;ETS1;VEGFA;CRK;EGLN3;EPAS1;PRCC;PAK1;AKT1;CRKL;HRAS;TFE3;RAPGEF1;BAD;CUL2;PDGFB;PTPN11;TGFB3;ARNT;TGFA;PAK4;AKT2;PIK3CD;KRAS;PIK3CB;RAF1;RAP1B;SOS2;TGFB2;EP300;CREBBP;GAB1;SOS1;VHL	KEGG_2021_Human	False
prerank	Prostate cancer	0.6316021437850216	4.121712500376022	0.0	0.0	0.0	76/97	24.56%	HSP90AA1;HSP90AB1;PLAU;GSTP1;HSP90B1;NFKBIA;CREB3;CDKN1A;SPINT1;ATF4;GRB2;CCND1;MMP9;CTNNB1;NRAS;PLAT;MAP2K1;MAP2K2;RELA;MAPK3;CDKN1B;ARAF;MAPK1;PDGFRB;ERBB2;AKT1;HRAS;NFKB1;CREB3L1;PDGFC;BAD;CREB3L2;PDGFB;E2F1;RB1;EGFR;FGFR1;PTEN;TGFA;AKT2;ETV5;PDGFA;CDK2;CCNE1;PIK3CD;CHUK;KRAS;PIK3CB;CREB3L4;RAF1;SOS2;IKBKB;EP300;CREBBP;CREB1;PDGFRA;PDGFD;TP53;TMPRSS2;CASP9;SOS1;MTOR;AKT3;TCF7L2;GSK3B;FOXO1;PIK3R1;TCF7L1;E2F3;MDM2;PDPK1;ZEB1;ERG;IL1R2;IKBKG;LEF1	KEGG_2021_Human	False
prerank	Notch Signaling	0.6978282404515082	4.119155840992639	0.0	0.0	0.0	26/32	20.90%	APH1A;CCND1;PPARD;RBX1;KAT2A;CUL1;SKP1;HES1;FZD1;NOTCH3;PSENEN;NOTCH2;SAP30;LFNG;FBXW11;DTX2;JAG1;DTX4;HEYL;MAML2;PRKCA;ARRB1;NOTCH1;FZD7;WNT2;TCF7L2	MSigDB_Hallmark_2020	True
prerank	Central carbon metabolism in cancer	0.5769774238293085	4.07391478279857	0.0	0.0	0.0	47/70	20.78%	LDHA;PKM;MET;SLC2A1;HIF1A;PFKP;PGAM1;NRAS;SLC1A5;PFKL;HK1;IDH1;SLC16A3;HK2;IDH2;MAP2K1;MAP2K2;G6PD;MAPK3;GLS;MAPK1;PDHA1;PDGFRB;SLC7A5;MYC;ERBB2;AKT1;HRAS;HK3;EGFR;PDHB;FGFR1;PTEN;SIRT6;AKT2;PIK3CD;KRAS;PIK3CB;RAF1;PDGFRA;PFKM;TP53;LDHB;SIRT3;MTOR;PDK1;AKT3	KEGG_2021_Human	False
prerank	Thyroid cancer	0.6868785496167946	4.058929721683726	0.0	0.0	0.0	31/37	24.56%	CDH1;CDKN1A;NCOA4;CCND1;CTNNB1;TPM3;NRAS;BAX;MAP2K1;MAP2K2;MAPK3;GADD45A;MAPK1;MYC;CCDC6;GADD45B;HRAS;BAK1;PPARG;RXRB;TFG;KRAS;RXRA;TPR;DDB2;TP53;TCF7L2;GADD45G;TCF7L1;POLK;LEF1	KEGG_2021_Human	False
prerank	Protein export	0.8353376186276534	4.057401787272503	0.0	0.0	0.0	20/23	13.77%	HSPA5;SRP14;SEC61A1;SRP9;SEC61B;SRPRA;SEC61G;SRP72;OXA1L;SPCS3;SEC11A;SRP68;SPCS1;SRPRB;SPCS2;SEC62;SEC11C;SRP54;SEC63;IMMP2L	KEGG_2021_Human	False
prerank	Intestinal immune network for IgA production	0.5900692105788722	4.03929652339205	0.0	0.0	0.0	22/45	14.12%	HLA-DRA;HLA-DRB1;HLA-DRB5;HLA-DPA1;HLA-DQB1;HLA-DQA2;HLA-DPB1;HLA-DQA1;HLA-DMA;CXCR4;CD40;TGFB1;HLA-DMB;LTBR;PIGR;HLA-DOA;TNFSF13B;CD86;IL15RA;CXCL12;TNFSF13;CCL28	KEGG_2021_Human	True
prerank	Viral protein interaction with cytokine and cytokine receptor	0.5125677493803971	4.0263102834617746	0.0	0.0	0.0	53/98	20.17%	CCL21;CXCL8;CCL13;CXCL10;CXCL9;CCL18;CCL5;TNFRSF1A;CXCR4;CCL2;CSF1R;TNFSF10;CXCL13;TNFRSF1B;CXCL1;LTBR;CCL8;CCR1;CXCL6;CCL19;CSF1;CCL4;CXCL11;ACKR3;IL20RB;IL18;IL6ST;CX3CL1;CCL7;CCL26;IL2RB;TNFRSF10B;CCL4L2;IL2RA;TNFRSF14;IL10RA;CXCL12;TNFRSF10A;CCL28;CXCL2;CXCL14;CCR5;IL2RG;CCL24;CXCR3;IL6;CCL3;CCL3L3;IL6R;XCL2;TNFRSF10D;CXCL5;CCL23	KEGG_2021_Human	False
prerank	Inositol phosphate metabolism	0.6222389599153023	4.017199727656484	0.0	0.0	0.0	57/73	27.47%	TPI1;CDIPT;PIP4K2C;PIP4K2A;PI4KB;IMPA2;PIP4K2B;PI4K2B;ITPKC;ITPKA;MTMR6;PIP5K1A;OCRL;PI4K2A;ITPK1;MTMR14;MINPP1;ISYNA1;INPPL1;PLCB3;PTEN;IMPA1;PLCD3;PIP5K1C;INPP5K;MTMR1;PIK3CD;SACM1L;PLCG1;PIK3CB;SYNJ2;MTM1;MTMR4;PI4KA;INPP1;MTMR2;ALDH6A1;INPP5A;ITPKB;PLCD1;INPP4B;INPP5D;IPMK;PIK3C2A;PIP5KL1;PIK3CG;INPP5F;INPP4A;PLCB2;INPP5E;PLCG2;PIK3CA;MIOX;PIKFYVE;PIK3C3;PIK3C2B;SYNJ1	KEGG_2021_Human	False
prerank	Legionellosis	0.6965875832973925	4.009750936293253	0.0	0.0	0.0	43/57	20.40%	EEF1A1;HSPA8;ARF1;CD14;CXCL8;NFKBIA;ITGB2;RAB1B;RAB1A;C3;HSPA1A;HSPD1;VCP;HSPA1B;BNIP3;RELA;HSF1;MYD88;HSPA6;CYCS;CXCL1;EEF1A2;CASP3;PYCARD;SAR1A;NFKB1;ITGAM;CASP7;NFKB2;IL18;BCL2L13;TLR2;CASP1;SEC22B;SAR1B;CXCL2;IL1B;CASP8;IL6;CASP9;HBS1L;CLK1;TLR4	KEGG_2021_Human	False
prerank	Angiogenesis	0.7621349552908098	4.008085166959409	0.0	0.0	0.0	28/36	16.99%	SPP1;TIMP1;COL3A1;S100A4;LUM;POSTN;APP;TNFRSF21;COL5A2;FSTL1;NRP1;ITGAV;VEGFA;CXCL6;SLCO2A1;VCAN;OLR1;LRPAP1;THBD;PTK2;STC1;VAV2;FGFR1;LPL;JAG1;PDGFA;KCNJ8;JAG2	MSigDB_Hallmark_2020	True
prerank	Graft-versus-host disease	0.7070019940221144	4.004013664506161	0.0	0.0	0.0	20/38	10.41%	HLA-DRA;HLA-A;HLA-B;HLA-DRB1;HLA-C;HLA-DRB5;HLA-E;HLA-DPA1;HLA-DQB1;HLA-DQA2;HLA-DPB1;HLA-DQA1;HLA-DMA;HLA-F;HLA-DMB;HLA-DOA;CD86;GZMB;PRF1;FAS	KEGG_2021_Human	False
prerank	Amino sugar and nucleotide sugar metabolism	0.7334710631241176	3.9495484941006254	0.0	0.0	0.0	42/48	22.08%	CYB5R3;GFUS;HEXB;HK1;HK2;GPI;UGDH;PGM1;UAP1;GALK1;GALE;CYB5R1;UGP2;GNPDA1;PGM2;CMAS;GFPT1;CHIT1;HK3;RENBP;GNPNAT1;GMPPA;GFPT2;NAGK;NPL;PMM1;UXS1;NANS;MPI;GNE;GMPPB;PGM3;CYB5R4;GNPDA2;AMDHD2;GALT;GMDS;UAP1L1;FPGT;NANP;HEXA;FCSK	KEGG_2021_Human	False
prerank	Chronic myeloid leukemia	0.705149451430397	3.946077578752169	0.0	0.0	0.0	64/76	22.25%	NFKBIA;CDKN1A;GRB2;CCND1;BCL2L1;TGFB1;NRAS;SHC1;CDK4;BAX;MAP2K1;MAP2K2;RELA;HDAC1;MAPK3;CDKN1B;GADD45A;TGFBR2;ARAF;MAPK1;CRK;MYC;AKT1;CTBP1;GADD45B;CRKL;HRAS;NFKB1;BAK1;TGFBR1;ABL1;BAD;E2F1;PTPN11;RB1;STAT5B;TGFB3;SMAD3;HDAC2;AKT2;RUNX1;CDK6;CTBP2;PIK3CD;CHUK;KRAS;PIK3CB;RAF1;SMAD4;SOS2;STAT5A;TGFB2;BCR;IKBKB;GAB2;SHC2;DDB2;TP53;SOS1;AKT3;GADD45G;CBL;PIK3R1;E2F3	KEGG_2021_Human	False
prerank	Basal transcription factors	0.5099920271912869	3.8538984417524844	0.0	0.0	0.0	34/44	25.86%	TAF7;GTF2F1;TAF15;TAF9B;TAF6;TAF9;TAF13;GTF2A2;GTF2E2;GTF2B;TAF12;CDK7;GTF2H3;GTF2A1;TAF11;ERCC3;TAF2;TBP;ERCC2;GTF2F2;TAF5L;GTF2H1;GTF2H5;GTF2IRD1;GTF2E1;MNAT1;CCNH;TBPL1;TAF3;TAF1;TAF6L;TAF4;TAF8;TAF5	KEGG_2021_Human	False
prerank	Allograft rejection	0.7212502833620195	3.7872255172394023	0.0	0.0	0.0	21/35	10.41%	HLA-DRA;HLA-A;HLA-B;HLA-DRB1;HLA-C;HLA-DRB5;HLA-E;HLA-DPA1;HLA-DQB1;HLA-DQA2;HLA-DPB1;HLA-DQA1;HLA-DMA;CD40;HLA-F;HLA-DMB;HLA-DOA;CD86;GZMB;PRF1;FAS	KEGG_2021_Human	False
prerank	Fatty acid elongation	0.7114606464720864	3.777428591190951	0.0	0.0	0.0	23/27	25.41%	ECHS1;PPT1;ELOVL1;HADHA;ELOVL5;HADHB;TECR;HACD3;ACOT7;HACD2;ACOT2;ELOVL6;ACAA2;HADH;MECR;HSD17B12;ACOT4;HACD1;ELOVL7;ACOT1;THEM4;ELOVL4;HACD4	KEGG_2021_Human	False
prerank	RNA polymerase	0.7247654998249432	3.769448248564895	0.0	0.0	0.0	29/31	24.26%	POLR2L;POLR2G;POLR2K;POLR2J;POLR2C;POLR2E;POLR2A;POLR2B;POLR2H;POLR3K;POLR3C;POLR1F;POLR1E;POLR3GL;POLR2D;POLR2F;POLR1D;POLR3F;POLR3D;POLR1B;POLR3A;POLR3H;POLR1H;POLR2I;POLR1C;POLR3E;POLR1A;POLR3B;POLR3G	KEGG_2021_Human	True
prerank	Longevity regulating pathway	0.5457419906216404	3.751999132631823	0.0	0.0	0.0	69/101	22.34%	HSPA8;EIF4EBP1;SOD1;CREB3;ATF4;ADIPOR1;HSPA1A;NRAS;RHEB;HSPA1B;BAX;RELA;HSPA6;HDAC1;ATF6B;AKT1;CAT;HRAS;PRKAG1;NFKB1;PRKAA1;CREB3L1;PPARG;EIF4EBP2;CREB3L2;ATG5;ADIPOR2;RPS6KB2;RB1CC1;EIF4E2;ATG13;PRKACA;ATF2;ATG101;SESN2;CAMKK2;HDAC2;AKT2;PRKACB;AKT1S1;IRS1;PIK3CD;APPL1;ULK1;KRAS;PRKAB1;RPTOR;PIK3CB;FOXO3;RPS6KB1;CREB3L4;EIF4E;CREB1;SIRT1;ADCY3;IRS2;TSC2;EHMT2;TP53;PRKAB2;STK11;INSR;MTOR;AKT3;FOXO1;ADCY9;PIK3R1;CRYAB;ADCY7	KEGG_2021_Human	False
prerank	Fructose and mannose metabolism	0.6275496162554425	3.735763485558782	0.0	0.0	0.0	28/33	27.72%	TPI1;AKR1B1;PFKP;GFUS;PFKFB3;PFKL;HK1;HK2;FBP1;ALDOC;HK3;GMPPA;TKFC;PMM1;PFKFB4;MPI;ALDOA;GMPPB;PFKM;GMDS;FPGT;FCSK;PFKFB2;SORD;PMM2;ENOSF1;KHK;HKDC1	KEGG_2021_Human	False
prerank	Biosynthesis of unsaturated fatty acids	0.7095795021596443	3.677941449342839	0.0	0.0	0.0	24/27	25.41%	SCD;ELOVL1;ELOVL5;TECR;HACD3;FADS2;ACOT7;HACD2;SCP2;FADS1;ACOT2;HSD17B4;ACOX1;ELOVL6;ACAA1;HSD17B12;ACOT4;ACOX3;HACD1;ELOVL7;ACOT1;SCD5;ELOVL4;HACD4	KEGG_2021_Human	False
prerank	Propanoate metabolism	0.6269331688268511	3.589290052852842	0.0	0.0	0.0	25/34	25.97%	LDHA;ECHS1;HADHA;SUCLG2;DLD;SUCLG1;ACAT2;MMUT;ACSS2;ACOX1;ECHDC1;ACAT1;ACADS;PCCB;ACACA;ALDH6A1;ACOX3;MCEE;SUCLA2;LDHB;BCKDHB;DBT;EHHADH;HIBCH;PCCA	KEGG_2021_Human	False
prerank	VEGF signaling pathway	0.595323678054326	3.5833088621816866	0.0	0.0	0.0	45/59	21.94%	HSPB1;RAC1;RAC2;MAPKAPK2;MAPKAPK3;NRAS;RAC3;MAP2K1;MAP2K2;MAPK3;SPHK1;CDC42;PPP3CA;MAPK1;VEGFA;AKT1;HRAS;MAPK13;SRC;KDR;BAD;MAPK14;PTK2;PPP3CB;PPP3R1;PXN;PTGS2;AKT2;PIK3CD;PPP3CC;KRAS;PLCG1;NOS3;PIK3CB;RAF1;MAPK11;SH2D2A;SHC2;PRKCA;PLA2G4A;CASP9;AKT3;NFATC2;PIK3R1;MAPK12	KEGG_2021_Human	False
prerank	Acute myeloid leukemia	0.6470449093004604	3.5645320678525696	0.0	0.0	0.0	51/67	22.79%	CD14;EIF4EBP1;JUP;GRB2;CCND1;BCL2A1;CSF1R;SPI1;NRAS;DUSP6;PPARD;CCNA2;PIM1;MAP2K1;MAP2K2;RELA;MAPK3;STAT3;ARAF;MAPK1;PIM2;MYC;AKT1;HRAS;NFKB1;ITGAM;BAD;RPS6KB2;PML;STAT5B;RARA;FCGR1A;AKT2;RUNX1;PIK3CD;CHUK;KRAS;PIK3CB;RPS6KB1;RAF1;SOS2;STAT5A;IKBKB;CSF2;SOS1;MTOR;AKT3;TCF7L2;PIK3R1;TCF7L1;CEBPA	KEGG_2021_Human	False
prerank	Glycosaminoglycan biosynthesis	0.602213867018429	3.5526635442847687	0.0	0.0	0.0	43/53	26.61%	B4GALT1;CHPF;EXT1;B3GAT3;FUT8;ST3GAL1;CHPF2;CHST14;CHST15;B4GALT3;CHST11;B4GALT2;CSGALNACT2;B3GNT2;CHSY1;B4GALT7;HS6ST2;XYLT2;B3GNT7;EXT2;CHST3;B3GALT6;NDST1;HS2ST1;HS3ST3A1;ST3GAL2;DSE;EXTL3;GLCE;HS3ST1;CHST2;CHSY3;HS6ST1;EXTL2;CSGALNACT1;HS3ST2;B4GALT4;CHST7;UST;CHST12;HS3ST3B1;XYLT1;CHST1	KEGG_2021_Human	False
prerank	Homologous recombination	0.586301281936747	3.4963374856063667	0.0	0.0	0.0	34/41	29.25%	POLD2;RPA2;NBN;SSBP1;RPA1;BRCC3;RPA3;MUS81;RBBP8;BABAM1;BABAM2;POLD3;POLD1;RAD51;TOPBP1;POLD4;UIMC1;SEM1;XRCC3;RAD51C;PALB2;BRCA1;MRE11;TOP3A;RAD51D;EME1;RAD51B;BARD1;ABRAXAS1;RAD54L;XRCC2;ATM;RAD52;BRIP1	KEGG_2021_Human	False
prerank	Base excision repair	0.7362187479015881	3.484490543763751	0.0	0.0	0.0	30/33	22.54%	APEX1;PCNA;POLD2;FEN1;POLE3;POLE4;UNG;MPG;HMGB1;NTHL1;PARP4;POLB;PARP3;APEX2;PARP1;MBD4;XRCC1;POLD3;SMUG1;PARP2;POLD1;NEIL2;POLD4;POLL;POLE2;LIG1;NEIL3;TDG;LIG3;OGG1	KEGG_2021_Human	False
prerank	Citrate cycle (TCA cycle)	0.6725723723483202	3.481145606283392	0.0	0.0	0.0	23/30	13.03%	MDH2;ACLY;SDHC;SDHB;OGDH;IDH1;IDH2;FH;SUCLG2;DLST;DLD;IDH3B;IDH3G;CS;SDHD;MDH1;PDHA1;SUCLG1;PCK2;DLAT;ACO1;PDHB;ACO2	KEGG_2021_Human	False
prerank	Cardiac muscle contraction	0.4657835691232064	3.302767168502697	0.0	0.0	0.0	31/87	5.85%	COX3;COX2;COX1;CYTB;COX8A;CYC1;COX7C;COX6B1;TPM4;UQCRH;COX5B;UQCRC1;ATP1B1;COX5A;COX7A2;COX4I1;TPM2;ATP1B3;TPM3;UQCRC2;ASPH;COX7B;UQCRQ;COX7A2L;COX6A1;UQCRFS1;COX6C;UQCR10;ATP1A1;ATP2A2;COX7A1	KEGG_2021_Human	False
prerank	Hedgehog Signaling	0.516581838439329	3.297338658629801	0.0	0.0	0.0	23/36	28.82%	MYH9;ETS2;NRP1;ADGRG1;VEGFA;THY1;RASA1;LDB1;NRP2;PML;DPYSL2;CELSR1;TLE1;CDK6;TLE3;NF1;RTN1;VLDLR;CDK5R1;OPHN1;HEY1;CRMP1;AMOT	MSigDB_Hallmark_2020	False
prerank	Asthma	0.6141345644625454	3.284750849827767	0.0	0.0	0.0	13/28	6.29%	HLA-DRA;HLA-DRB1;HLA-DRB5;FCER1G;HLA-DPA1;HLA-DQB1;HLA-DQA2;HLA-DPB1;HLA-DQA1;HLA-DMA;CD40;HLA-DMB;HLA-DOA	KEGG_2021_Human	False
prerank	Inflammatory bowel disease	0.5211751585663685	3.2516377247771056	0.0	0.0	0.0	27/63	11.30%	HLA-DRA;HLA-DRB1;HLA-DRB5;HLA-DPA1;HLA-DQB1;HLA-DQA2;HLA-DPB1;HLA-DQA1;STAT1;HLA-DMA;IFNGR2;TGFB1;JUN;IFNGR1;RELA;HLA-DMB;IL4R;STAT3;HLA-DOA;STAT6;NFKB1;IL23A;IL18;TLR2;TGFB3;SMAD3;MAF	KEGG_2021_Human	False
prerank	Mismatch repair	0.7187475146808633	3.2122885263533942	0.0	0.0	0.0	22/23	26.35%	PCNA;POLD2;RPA2;RFC2;SSBP1;RPA1;RPA3;RFC1;RFC5;RFC4;MSH6;POLD3;MLH1;POLD1;RFC3;POLD4;EXO1;MSH3;LIG1;MSH2;MLH3;PMS2	KEGG_2021_Human	False
prerank	Steroid biosynthesis	0.7168700009270034	3.1741899425014366	0.0	0.0	0.0	15/20	15.37%	MSMO1;DHCR24;LIPA;DHCR7;SOAT1;NSDHL;SQLE;SC5D;FDFT1;LBR;TM7SF2;EBP;CYP24A1;LSS;CYP51A1	KEGG_2021_Human	False
prerank	Other types of O-glycan biosynthesis	0.4891607843584429	3.167438848181653	0.0	0.0	0.0	29/47	19.94%	B4GALT1;COLGALT1;PLOD3;GALNT1;C1GALT1C1;GALNT3;B4GALT3;GALNT2;POFUT1;B4GALT2;GALNT7;RFNG;LFNG;ST6GAL1;GALNT14;GALNT10;MFNG;GALNT6;C1GALT1;GALNT12;GALNT18;GALNT5;POFUT2;OGT;XXYLT1;GXYLT2;EOGT;GALNT11;POMT1	KEGG_2021_Human	False
prerank	DNA replication	0.6887286521141475	3.147782448427875	0.0	0.0	0.0	34/36	28.09%	MCM7;PCNA;POLD2;FEN1;POLE3;RPA2;POLE4;MCM4;MCM3;MCM6;RFC2;SSBP1;RPA1;RPA3;MCM5;MCM2;RFC1;RFC5;RNASEH2C;RFC4;POLD3;POLD1;RFC3;POLD4;POLE2;LIG1;PRIM2;PRIM1;RNASEH1;POLA1;DNA2;POLE;RNASEH2B;POLA2	KEGG_2021_Human	False
prerank	Various types of N-glycan biosynthesis	0.5850028760768472	3.0761313495003932	0.0	0.0	0.0	28/39	23.06%	DAD1;RPN2;DDOST;RPN1;B4GALT1;STT3A;HEXB;STT3B;MGAT1;MGAT4B;FUT8;B4GALT3;B4GALT2;MAN1A1;ALG3;ALG2;MAN1B1;TUSC3;MAN2A1;MAN1A2;MGAT4A;ALG1;HEXD;B4GALNT3;HEXA;ALG13;ALG12;MAN2A2	KEGG_2021_Human	False
prerank	Type I diabetes mellitus	0.6849729806720357	3.0754066802724043	0.0	0.0	0.0	23/41	10.41%	HLA-DRA;HLA-A;HLA-B;HLA-DRB1;HLA-C;HLA-DRB5;HLA-E;HLA-DPA1;HLA-DQB1;HLA-DQA2;HLA-DPB1;HLA-DQA1;HLA-DMA;HSPD1;HLA-F;HLA-DMB;CPE;HLA-DOA;CD86;GZMB;PTPRN2;PRF1;FAS	KEGG_2021_Human	False
prerank	Apical Surface	0.5377287092479757	3.06059872647103	0.0	0.0	0.0	32/44	28.35%	HSPB1;APP;B4GALT1;FLOT2;PLAUR;DCBLD2;EPHB4;LYN;SRPX;THY1;LYPD3;ADIPOR2;CX3CL1;CRYBG1;IL2RB;ADAM10;SULF2;ATP8B1;AFAP1L2;NCOA6;IL2RG;GAS1;EFNA5;GSTM3;BRCA1;NTNG1;AKAP7;SHROOM2;CROCC;MAL;GATA3;TMEM8B	MSigDB_Hallmark_2020	False
prerank	GnRH signaling pathway	0.46223777859357534	2.9901223843935933	0.0	0.0	0.0	56/93	22.44%	MMP14;CALM2;GNAS;MMP2;ATF4;GRB2;CALM1;CALM3;NRAS;EGR1;JUN;MAP2K1;MAP2K2;MAPK3;CDC42;MAPK1;PRKCD;CAMK2D;HRAS;MAPK13;SRC;MAP2K3;MAPK14;ITPR3;ELK1;HBEGF;EGFR;GNAQ;PRKACA;PLCB3;GNA11;MAP2K4;MAPK9;PRKACB;MAP3K3;PLD2;MAP3K2;KRAS;CAMK2G;RAF1;MAPK11;SOS2;MAP2K7;ADCY3;PRKCA;PLA2G4A;PTK2B;MAPK7;SOS1;MAP3K4;ADCY9;MAPK8;MAPK12;MAP3K1;ADCY7;PLCB2	KEGG_2021_Human	False
prerank	Primary immunodeficiency	0.5320210618586585	2.9634759651117384	0.0	0.0	0.0	27/37	28.40%	TAP1;CD4;CD40;CD79A;UNG;ORAI1;CD3D;IL7R;PTPRC;CD8A;RFXANK;RFX5;LCK;CD3E;TAP2;ADA;IL2RG;BTK;JAK3;IKBKG;CIITA;DCLRE1C;ICOS;CD8B;RFXAP;BLNK;ZAP70	KEGG_2021_Human	False
prerank	Glycosylphosphatidylinositol (GPI)-anchor biosynthesis	0.5835134582005319	2.893112684323214	0.0	0.0	0.0	22/26	27.84%	GPAA1;DPM2;PIGS;PIGU;PIGC;PIGT;PIGO;PIGA;PIGK;PIGW;PIGG;PIGQ;PIGX;PIGH;PIGV;PIGM;PIGP;PIGB;PIGN;PIGF;MPPE1;PIGZ	KEGG_2021_Human	False
prerank	Terpenoid backbone biosynthesis	0.5959280640908121	2.8611664618383075	0.0	0.0	0.0	19/22	20.16%	PMVK;ICMT;ZMPSTE24;IDI1;PCYOX1;ACAT2;FDPS;NUS1;HMGCS1;HMGCR;ACAT1;DHDDS;RCE1;MVD;FNTA;PDSS2;GGPS1;PDSS1;MVK	KEGG_2021_Human	False
prerank	Arginine and proline metabolism	0.49919596776010555	2.8408546483229107	0.0	0.0	0.0	30/50	19.19%	SAT1;SMS;P4HA1;LAP3;SRM;CKB;GOT2;OAT;PYCR1;ODC1;ALDH9A1;ALDH18A1;SAT2;GOT1;CNDP2;P4HA2;ALDH1B1;PYCR3;ALDH2;AMD1;PYCR2;GAMT;SMOX;NOS3;ALDH4A1;ALDH3A2;MAOA;GATM;L3HYPDH;ALDH7A1	KEGG_2021_Human	False
prerank	Vasopressin-regulated water reabsorption	0.601203622190612	2.8361925781423563	0.0	0.0	0.0	31/44	17.56%	ARHGDIA;ARHGDIB;GNAS;CREB3;DYNLL1;RAB5C;RAB11B;RAB11A;RAB5B;DYNLL2;AQP3;DYNC1I2;STX4;VAMP2;RAB5A;CREB3L1;NSF;DCTN2;CREB3L2;DCTN4;DYNC1LI2;PRKACA;DCTN1;DCTN5;DYNC1LI1;PRKACB;DYNC1H1;DCTN6;CREB3L4;CREB1;ADCY3	KEGG_2021_Human	False
prerank	Pyruvate metabolism	0.4547963273204835	2.7985103230024793	0.0	0.0	0.0	29/47	19.45%	LDHA;PKM;GLO1;MDH2;AKR1A1;ADH5;FH;DLD;ALDH9A1;MDH1;PDHA1;ALDH1B1;PCK2;DLAT;ACAT2;ALDH2;GRHPR;ME1;PDHB;ACSS2;ACAT1;HAGH;ME3;ACACA;ME2;ALDH3A2;PC;ALDH7A1;LDHB	KEGG_2021_Human	False
prerank	Glyoxylate and dicarboxylate metabolism	0.4985439613778687	2.7786525156784494	0.0	0.0	0.0	17/30	14.93%	GLUL;MDH2;DLD;CS;MDH1;SHMT2;CAT;ACO1;ACAT2;GRHPR;MMUT;AFMID;ACSS2;PGP;ACAT1;ACO2;PCCB	KEGG_2021_Human	False
prerank	Sulfur metabolism	0.8024375207473797	2.753311365150319	0.0	0.0	0.0	10/10	19.78%	SQOR;PAPSS1;BPNT2;TST;ETHE1;MPST;BPNT1;PAPSS2;SELENBP1;SUOX	KEGG_2021_Human	False
prerank	Glycosphingolipid biosynthesis	0.4675348484576522	2.739894093674417	0.0	0.0	0.0	29/45	26.77%	B4GALT1;HEXB;NAGA;B3GNT3;GLB1;ST3GAL1;B4GALT3;B4GALT2;B3GNT2;FUT3;ST3GAL4;ST6GALNAC4;A4GALT;GLA;FUT2;B3GALT4;B3GNT5;B3GALNT1;ST3GAL2;HEXA;ST6GALNAC5;GBGT1;B4GALT4;FUT1;GCNT2;B4GALNT1;ST3GAL5;SLC33A1;ST3GAL6	KEGG_2021_Human	False
prerank	Circadian rhythm	0.5327528603929526	2.725987173007148	0.0	0.0	0.0	20/30	20.56%	BHLHE40;RBX1;CUL1;SKP1;PRKAG1;PRKAA1;CSNK1D;NR1D1;BHLHE41;FBXW11;CSNK1E;CLOCK;PER1;PRKAB1;FBXL3;CREB1;PRKAB2;CRY2;BTRC;CRY1	KEGG_2021_Human	False
prerank	Collecting duct acid secretion	0.5454557227941491	2.723089647616451	0.0	0.0	0.0	12/27	6.80%	ATP6V1F;ATP6V0E1;CA2;ATP6V1E1;ATP6V1G1;TCIRG1;ATP6V0D1;ATP6V1B2;SLC12A7;ATP6V1D;ATP6V1C1;ATP6V1A	KEGG_2021_Human	False
prerank	Valine, leucine and isoleucine degradation	0.5797845126629726	2.700790977234948	0.0	0.0	0.0	39/48	25.00%	ECHS1;HSD17B10;HADHA;HIBADH;DLD;IL4I1;HADHB;ALDH9A1;ALDH1B1;ACAT2;HMGCL;IVD;ALDH2;MMUT;BCAT1;ACADM;HMGCS1;BCAT2;ACAT1;OXCT1;MCCC2;ACADS;ACAA2;PCCB;HADH;ACAA1;MCCC1;ALDH6A1;AUH;ALDH3A2;MCEE;ALDH7A1;ACAD8;ACADSB;BCKDHB;AACS;DBT;EHHADH;HIBCH	KEGG_2021_Human	False
prerank	Pentose phosphate pathway	0.5709665717202405	2.688640659757049	0.0	0.0	0.0	18/30	11.58%	PGD;TKT;TALDO1;PFKP;PFKL;PRPS2;FBP1;GPI;PGM1;G6PD;ALDOC;PRPS1;PGLS;DERA;PGM2;RPE;RPIA;H6PD	KEGG_2021_Human	False
prerank	Other glycan degradation	0.6162285125478292	2.673667026550191	0.0	0.0	0.0	14/17	22.60%	FUCA1;HEXB;NEU1;FUCA2;GLB1;MAN2B1;AGA;GBA2;MANBA;MAN2B2;HEXD;HEXA;ENGASE;MAN2C1	KEGG_2021_Human	False
prerank	ECM-receptor interaction	0.5399703563997631	2.6533974753244474	0.0	0.0	0.0	38/88	12.86%	SPP1;COL1A1;COL6A2;COL6A1;SDC4;FN1;COL1A2;LAMB3;SDC1;LAMC2;ITGA3;TNC;ITGA5;ITGB1;ITGB4;CD44;THBS1;ITGB5;COL6A3;CD47;COL4A1;LAMC1;ITGAV;THBS2;COMP;COL4A2;AGRN;DAG1;ITGA2;LAMB2;IBSP;LAMA3;LAMB1;VWF;ITGA6;HSPG2;LAMA4;HMMR	KEGG_2021_Human	False
prerank	Wnt-beta Catenin Signaling	0.5974118669566949	2.6396814712031693	0.0	0.0	0.0	34/42	28.65%	CTNNB1;NCSTN;PPARD;RBPJ;MYC;KAT2A;CUL1;DKK1;NCOR2;FZD1;CSNK1E;NUMB;HDAC5;JAG1;HDAC2;DVL2;AXIN1;MAML1;JAG2;HDAC11;TP53;NOTCH1;CCND2;ADAM17;FZD8;WNT5B;LEF1;HEY1;NOTCH4;TCF7;DLL1;AXIN2;FRAT1;SKP2	MSigDB_Hallmark_2020	True
prerank	Galactose metabolism	0.5048763315924498	2.5795236297163937	0.0	0.0	0.0	17/31	9.12%	B4GALT1;AKR1B1;GAA;PFKP;PFKL;HK1;HK2;PGM1;GALK1;GLB1;GALE;GALM;UGP2;PGM2;G6PC3;B4GALT2;HK3	KEGG_2021_Human	False
prerank	Nicotinate and nicotinamide metabolism	0.4588071135900524	2.5354524033875805	0.0	0.0	0.0	26/35	27.81%	NAMPT;NNMT;NT5E;PNP;QPRT;NT5C;NADK;SIRT2;SIRT6;NMRK1;NAPRT;SIRT7;SIRT1;NADSYN1;NADK2;NT5C2;SIRT3;BST1;NNT;SIRT5;NUDT12;CD38;NMNAT2;ENPP1;NMNAT1;NT5M	KEGG_2021_Human	False
prerank	Glycerolipid metabolism	0.35821892792652316	2.504868232642307	0.0	0.0	0.0	35/61	23.81%	AKR1B1;AGPAT2;AKR1A1;GPAT3;ALDH9A1;PLPP2;ALDH1B1;MGLL;MBOAT2;DGAT1;ALDH2;AGPAT3;AGPAT1;PLPP5;PLPP1;TKFC;LPIN2;LPL;DGKQ;GLA;DGKZ;PLPP3;GPAT4;PNPLA2;MBOAT1;AGPAT5;ALDH3A2;ALDH7A1;DGKD;GK;LCLAT1;AGK;LIPG;PLPP4;LPIN3	KEGG_2021_Human	False
prerank	Mucin type O-glycan biosynthesis	0.4373523308691205	2.4880360448867873	0.0	0.0	0.0	20/36	22.17%	B4GALT5;GALNT1;B3GNT3;ST3GAL1;C1GALT1C1;GALNT3;GALNT2;GALNT7;ST6GALNAC4;GALNT14;GALNT10;GALNT6;C1GALT1;GALNT12;GALNT18;GALNT5;ST3GAL2;GALNT11;GCNT1;GCNT3	KEGG_2021_Human	False
prerank	Fatty acid degradation	0.4928252200283964	2.4861786306191447	0.0	0.0	0.0	27/43	19.19%	ECHS1;HADHA;ADH5;ACSL4;ACADVL;HADHB;ALDH9A1;ACSL5;ECI1;ALDH1B1;CPT1A;ACSL1;ACAT2;ALDH2;ACSL3;ACADM;ACOX1;ACAT1;ACADS;ACAA2;HADH;ACAA1;ECI2;GCDH;ALDH3A2;ACOX3;ALDH7A1	KEGG_2021_Human	False
prerank	Glycosaminoglycan degradation	0.5723223486630145	2.472019243899458	0.0	0.0	0.0	15/19	22.62%	GNS;HEXB;GUSB;HYAL2;GLB1;NAGLU;HGSNAT;SGSH;HYAL3;HPSE;GALNS;HEXA;IDUA;IDS;ARSB	KEGG_2021_Human	False
prerank	Pantothenate and CoA biosynthesis	0.5357908552464157	2.3952048758400366	0.0	0.0	0.0	13/20	19.99%	COASY;PPCS;ALDH1B1;ALDH2;DPYD;BCAT1;BCAT2;AASDHPPT;PANK3;ALDH3A2;PPCDC;VNN2;PANK2	KEGG_2021_Human	False
prerank	Renin secretion	0.3107902699782174	2.3915774363594164	0.0	0.0	0.0	28/69	20.33%	CTSB;CALM2;GNAS;GNAI2;CALM1;CALM3;PPP3CA;GNAI3;EDNRA;ORAI1;AQP1;PTGER4;ITPR3;PPP3CB;PPP3R1;GNAQ;PRKACA;PLCB3;PRKACB;GUCY1B1;PPP3CC;AGT;PTGER2;CREB1;EDN2;ACE;EDN1;ADORA1	KEGG_2021_Human	False
prerank	African trypanosomiasis	0.40001052866798703	2.3612706028457793	0.0	0.0	0.0	17/36	18.30%	HBB;ICAM1;HBA2;APOL1;MYD88;IDO1;F2RL1;VCAM1;IL18;FAS;GNAQ;PLCB3;LAMA4;THOP1;IL1B;IL6;PRKCA	KEGG_2021_Human	False
prerank	Selenocompound metabolism	0.5531300464578179	2.3480988713546584	0.0	0.0	0.0	13/17	25.15%	SEPHS2;PAPSS1;TXNRD1;SEPHS1;MARS1;PAPSS2;KYAT3;CTH;TXNRD2;MTR;MARS2;TXNRD3;SEPSECS	KEGG_2021_Human	False
prerank	Mannose type O-glycan biosynthesis	0.5061973269164611	2.328328559066738	0.0	0.0	0.0	17/23	28.84%	B4GALT1;B4GAT1;B4GALT3;B4GALT2;POMGNT1;POMGNT2;POMT1;FKRP;CHST10;POMT2;POMK;MGAT5B;B3GALNT2;FUT4;LARGE2;RXYLT1;FKTN	KEGG_2021_Human	False
prerank	Ubiquinone and other terpenoid-quinone biosynthesis	0.6130182488895384	2.219327875555338	0.0	0.0	0.0	8/11	18.27%	NQO1;COQ5;VKORC1L1;COQ2;VKORC1;GGCX;COQ3;COQ7	KEGG_2021_Human	False
prerank	Non-homologous end-joining	0.6177002652955613	2.216717185573247	0.0	0.0	0.0	10/13	25.62%	XRCC6;XRCC5;FEN1;PRKDC;POLM;XRCC4;POLL;MRE11;LIG4;DCLRE1C	KEGG_2021_Human	False
prerank	Cysteine and methionine metabolism	0.5049786091125719	2.1961139815756403	0.0	0.0	0.0	28/49	16.21%	LDHA;SMS;AHCY;SRM;ENOPH1;MDH2;GOT2;IL4I1;AHCYL1;MDH1;GOT1;MAT2B;PSAT1;TST;SDSL;GSS;MPST;ADI1;BCAT1;MAT2A;KYAT3;BCAT2;AMD1;GCLM;GCLC;AHCYL2;CTH;DNMT1	KEGG_2021_Human	False
prerank	beta-Alanine metabolism	0.46140916807973176	2.190997226126372	0.0	0.0	0.0	16/30	19.19%	ECHS1;HADHA;ALDH9A1;CNDP2;ALDH3B1;ALDH1B1;ALDH2;AOC3;DPYD;ACOX1;ACADS;SMOX;ALDH6A1;ALDH3A2;ACOX3;ALDH7A1	KEGG_2021_Human	False
prerank	Tryptophan metabolism	0.39823602375537215	2.1430228226679318	0.0	0.0	0.0	27/42	25.83%	ECHS1;HADHA;DLST;DLD;IDO1;IL4I1;ALDH9A1;CAT;ALDH1B1;ACAT2;ALDH2;AFMID;KYAT3;CYP1B1;ACAT1;DHTKD1;HADH;GCDH;ALDH3A2;MAOA;ALDH7A1;TDO2;MAOB;AADAT;EHHADH;HAAO;KYNU	KEGG_2021_Human	False
prerank	Aldosterone-regulated sodium reabsorption	0.3438305690246951	2.117904477492316	0.0	0.0	0.0	23/36	27.57%	SFN;ATP1B1;ATP1B3;MAPK3;MAPK1;ATP1A1;SCNN1A;SGK1;IRS1;SCNN1B;PIK3CD;KRAS;PIK3CB;PRKCA;INSR;PIK3R1;NEDD4L;PDPK1;SCNN1G;PIK3CA;PIK3R3;PRKCB;NR3C2	KEGG_2021_Human	False
prerank	Starch and sucrose metabolism	0.34346306355074585	2.081399521579123	0.0	0.004673485444531864	0.005	14/36	10.34%	PYGB;GAA;HK1;HK2;GPI;PGM1;PYGL;UGP2;GBE1;PGM2;G6PC3;GYS1;HK3;GYG1	KEGG_2021_Human	False
prerank	Glycine, serine and threonine metabolism	0.36799174748011276	2.0778908240705087	0.0	0.004617178390983288	0.005	22/39	24.28%	PGAM1;DLD;ALAS1;SHMT2;PSAT1;SDSL;BPGM;AOC3;GRHPR;PSPH;GCAT;GAMT;CTH;MAOA;GATM;ALDH7A1;CHDH;PHGDH;SHMT1;SDS;MAOB;SRR	KEGG_2021_Human	False
prerank	Ether lipid metabolism	0.3969395273387216	2.0297041817481154	0.0	0.00912442396313364	0.01	23/49	19.02%	LPCAT1;PLD3;PAFAH1B2;PLAAT3;PLPP2;PAFAH1B3;ENPP2;PLA2G7;PLPP1;LPCAT4;PAFAH1B1;AGPS;PLA2G2D;PLPP3;PAFAH2;PLD2;PEDS1;PLA2G12A;LPCAT2;CHPT1;PLA2G4A;SELENOI;CEPT1	KEGG_2021_Human	False
prerank	Proximal tubule bicarbonate reclamation	0.4246069750594879	2.01383929932938	0.0	0.00901707779886148	0.01	9/23	7.55%	ATP1B1;GLUD1;CA2;ATP1B3;GLS;MDH1;ATP1A1;AQP1;PCK2	KEGG_2021_Human	False
prerank	Alanine, aspartate and glutamate metabolism	0.3813900474290452	1.9915517157316907	0.0	0.008912228057014254	0.01	16/37	17.50%	GLUL;GLUD1;GOT2;IL4I1;GLS;GOT1;ADSS2;GFPT1;ASS1;GFPT2;ASL;PPAT;ALDH4A1;NIT2;CAD;GPT2	KEGG_2021_Human	False
prerank	Cocaine addiction	0.33172095137792595	1.9860998149244988	0.0	0.008809788654060067	0.01	20/49	17.94%	GNAS;CREB3;GNAI2;ATF4;JUN;RELA;GNAI3;ATF6B;NFKB1;CREB3L1;CDK5;CREB3L2;PRKACA;ATF2;PRKACB;CREB3L4;CREB1;GPSM1;FOSB;MAOA	KEGG_2021_Human	False
prerank	Fatty acid biosynthesis	0.4376669161001525	1.9691595331597784	0.0	0.00870967741935484	0.01	11/18	20.86%	ACSL4;HSD17B8;ACSL5;FASN;ACSL1;ACSL3;MCAT;MECR;ACACA;OXSM;CBR4	KEGG_2021_Human	False
prerank	Renin-angiotensin system	0.3796952736483705	1.910677531953716	0.0	0.008611815875317144	0.01	12/23	21.84%	ANPEP;CTSA;ATP6AP2;PRCP;THOP1;CPA3;AGT;NLN;PREP;ACE;LNPEP;MME	KEGG_2021_Human	False
prerank	Autoimmune thyroid disease	0.37683132117184365	1.867428246849354	0.0	0.008516129032258065	0.01	19/50	7.69%	HLA-DRA;HLA-A;HLA-B;HLA-DRB1;HLA-C;HLA-DRB5;HLA-E;HLA-DPA1;HLA-DQB1;HLA-DQA2;HLA-DPB1;HLA-DQA1;HLA-DMA;CD40;HLA-F;HLA-DMB;HLA-DOA;CD86;GZMB	KEGG_2021_Human	True
prerank	ABC transporters	0.2749133417981323	1.8076599340964576	0.0	0.01684509039347749	0.02	43/45	58.84%	TAP1;ABCC3;ABCC1;ABCG1;TAP2;ABCB10;ABCA1;ABCB7;ABCD3;ABCD1;ABCB8;ABCD4;ABCC10;ABCA3;ABCA2;ABCC4;ABCA7;DEFB1;ABCG2;ABCC9;ABCC5;ABCB9;ABCB1;ABCA5;ABCC6;ABCA12;ABCA4;ABCA6;ABCA8;ABCD2;CFTR;ABCA13;ABCB4;ABCA9;ABCC2;ABCG4;ABCB6;ABCB11;ABCA10;ABCC11;ABCC12;ABCG5;ABCB5	KEGG_2021_Human	False
prerank	Arginine biosynthesis	0.36479357293186926	1.7876783347266363	0.0	0.02082748948106592	0.025	10/22	17.50%	GLUL;GLUD1;GOT2;GLS;GOT1;ASS1;NAGS;ASL;NOS3;GPT2	KEGG_2021_Human	False
prerank	One carbon pool by folate	0.40217276490295695	1.7743642885052386	0.0	0.020603537981269508	0.025	15/20	29.12%	ATIC;SHMT2;GART;MTHFD1L;MTHFD2;MTHFD1;DHFR;TYMS;SHMT1;MTR;MTFMT;ALDH1L2;MTHFR;MTHFD2L;DHFR2	KEGG_2021_Human	False
prerank	Primary bile acid biosynthesis	0.4190717859937868	1.753386564202643	0.0	0.020384351407000685	0.025	17/17	58.11%	CYP27A1;HSD3B7;SCP2;CH25H;HSD17B4;ACOT8;ACOX2;CYP7B1;SLC27A5;CYP39A1;AMACR;BAAT;CYP46A1;AKR1D1;CYP8B1;AKR1C4;CYP7A1	KEGG_2021_Human	False
prerank	Folate biosynthesis	0.32722602296667824	1.6857467587242816	0.0	0.032271646859083195	0.04	12/26	19.29%	AKR1B1;PCBD1;CBR1;FPGS;QDPR;GCH1;GGH;PTS;MOCS2;SPR;DHFR;MOCOS	KEGG_2021_Human	False
prerank	Arachidonic acid metabolism	0.24900895650820187	1.6351942357205411	0.0	0.031935483870967736	0.04	19/61	15.47%	GPX1;PTGES3;GPX3;PTGES;CBR1;ALOX5;PLAAT3;LTA4H;GPX8;PTGES2;PTGS2;PTGS1;PRXL2B;PLA2G2D;GPX7;PTGIS;GGT5;TBXAS1;PLA2G12A	KEGG_2021_Human	False
prerank	Long-term depression	0.3739644072445478	1.6329146890497417	0.0	0.035557033588293985	0.045	26/60	18.38%	GNAS;GNAI2;NRAS;PPP2R1A;LYN;MAP2K1;MAP2K2;PPP2CA;MAPK3;GNA13;ARAF;MAPK1;GNAI3;GNA12;PPP2CB;HRAS;ITPR3;GNAQ;PLCB3;GNA11;GUCY1B1;KRAS;RAF1;PPP2R1B;PRKCA;PLA2G4A	KEGG_2021_Human	False
prerank	Taurine and hypotaurine metabolism	0.4094325753444147	1.5789038124956112	0.029411764705882353	0.05083607636603028	0.065	11/11	59.07%	ADO;GGT5;GGT7;CDO1;CSAD;BAAT;GGT1;GAD1;GGT6;GADL1;GAD2	KEGG_2021_Human	False
prerank	Cortisol synthesis and secretion	0.25291016853777276	1.57562359117967	0.0	0.05419354838709678	0.07	27/65	22.44%	GNAS;CREB3;ATF4;NCEH1;ATF6B;ORAI1;CREB3L1;LDLR;ITPR3;CREB3L2;GNAQ;PRKACA;PLCB3;GNA11;SP1;ATF2;PRKACB;AGT;CREB3L4;CREB1;ADCY3;NR4A1;SCARB1;ADCY9;PDE8A;ADCY7;PLCB2	KEGG_2021_Human	False
prerank	Histidine metabolism	0.3615053466059346	1.5714638819656452	0.125	0.05365161290322581	0.07	10/22	19.19%	ALDH9A1;CNDP2;HNMT;ALDH3B1;ALDH1B1;ALDH2;ALDH3A2;MAOA;CARNMT1;ALDH7A1	KEGG_2021_Human	False
prerank	GnRH secretion	0.29186469151518496	1.5667399329960492	0.0	0.05312040881507506	0.07	32/64	27.55%	SPP1;NRAS;MAP2K1;MAP2K2;MAPK3;KCNN4;MAPK1;AKT1;ARRB2;HRAS;ITPR3;GNAQ;PLCB3;GNA11;AKT2;PIK3CD;KRAS;PIK3CB;RAF1;PRKCA;ARRB1;AKT3;PIK3R1;PLCB2;KCNJ5;ITPR2;PIK3CA;TRPC1;PIK3R3;PRKCB;GPER1;KISS1R	KEGG_2021_Human	False
prerank	Regulation of lipolysis in adipocytes	0.2794182118886441	1.4880908403841557	0.0	0.07138519924098673	0.095	25/55	22.34%	GNAS;GNAI2;GNAI3;PLAAT3;AKT1;MGLL;PRKACA;PTGS2;PTGS1;AKT2;PRKACB;IRS1;PNPLA2;PIK3CD;PIK3CB;ABHD5;ADCY3;IRS2;FABP4;INSR;ADORA1;AKT3;ADCY9;PIK3R1;ADCY7	KEGG_2021_Human	False
prerank	Vitamin digestion and absorption	0.31895161290322566	1.4127154628225265	0.0	0.12650172251800815	0.16	24/24	68.12%	TCN2;ABCC1;LMBRD1;SLC5A6;SLC19A2;SLC19A1;SCARB1;BTD;MMACHC;PLB1;FOLH1;SLC46A1;SLC52A3;LRAT;CUBN;RBP2;SLC23A1;SLC19A3;APOA1;AWAT2;APOA4;CBLIF;APOB;PNLIP	KEGG_2021_Human	False
prerank	Thiamine metabolism	0.36119439929616226	1.3273221689452581	0.15789473684210525	0.22477667493796524	0.255	10/15	29.78%	AK2;ACP1;AK4;AK1;NFS1;NTPCR;THTPA;ALPL;TPK1;AK8	KEGG_2021_Human	False
prerank	Olfactory transduction	-0.5166928655930503	-1.9030834876467926	0.0	0.0002279202279202279	0.005	370/436	42.77%	OR2V1;OR7A17;OR1D5;OR10Z1;OR6A2;OR6C70;OR10R2;OR4C45;OR11H7;OR4C13;OR5AC2;OR8A1;OR5K4;OR2T2;OR10S1;OR10J3;OR2T3;OR6M1;OR11G2;OR6K2;OR4Q2;OR8D1;OR10J1;OR14I1;OR10X1;OR8D2;OR2L8;OR52R1;OR6Q1;OR5L1;OR2T11;OR51G1;OR52K1;OR14A16;OR2S2;OR56A5;OR51B2;OR8K3;OR4N4C;OR1S1;OR2T4;OR8U3;OR51F1;OR5D13;OR2AG1;OR4C16;OR8B4;OR6V1;OR9K2;OR10A4;OR10A2;OR7G3;OR1M1;OR4C46;OR52N4;OR1A1;OR4C11;OR4X2;OR8U1;OR52N1;OR8I2;OR2K2;OR2M4;OR52N5;OR52I2;OR10H3;OR52A5;OR10H2;OR5D18;OR2L3;OR5D14;OR2M2;OR2T6;OR5B21;OR2AK2;OR10T2;OR10A3;OR6P1;OR10G6;OR9Q1;OR4F5;OR9Q2;OR12D3;OR13C8;OR13F1;OR6C76;OR4D10;OR11H12;OR10J4;OR1E2;OR7A10;OR4D2;OR7C2;CALML4;OR12D1;OR11H2;OR1L4;OR1J1;OR13C9;OR8B8;OR5W2;OR52M1;OR5B17;OR8G1;OR13C5;OR52B6;OR1S2;OR52E5;OR2T27;OR2G6;OR6Y1;OR52E1;OR5AL1;OR51I2;OR11L1;OR6C75;OR6C74;OR8B2;OR8B3;OR4F16;OR4F29;OR8S1;OR5H2;OR2L5;OR13G1;OR4M2;OR51D1;OR52B2;OR10G2;OR10G4;OR5M11;OR11H1;OR7A5;OR1D4;OR10D3;OR1I1;OR6N2;OR6C6;OR4E1;OR13C2;OR5M10;OR51M1;OR5M1;OR4D1;OR52J3;OR51A2;OR51A4;OR52A1;OR4P4;OR4A16;OR52I1;OR5K1;OR4C15;OR5V1;OR2T10;OR7E24;OR4K1;OR2T5;OR51J1;OR56A3;OR5F1;OR14A2;OR6K3;OR4F6;OR10J5;OR1D2;OR14K1;OR2AE1;OR4A47;CNGA2;OR2V2;OR10G7;OR10G9;OR4N4;OR13C3;OR5P2;OR5H14;OR51B4;OR52E8;OR2J2;OR2T29;OR14J1;OR11A1;OR4F15;OR2H1;OR2W1;OR2B3;OR2J1;OR2J3;OR1G1;OR4Q3;OR10G8;OR2M5;OR7G1;OR3A3;OR5L2;OR5D16;OR52D1;OR52H1;OR6C65;OR6C68;OR5H15;OR4K2;OR5H1;OR5M8;OR5P3;OR6B2;OR6C3;OR4A15;OR6C1;OR52E6;PRKACG;OR5T2;OR1Q1;OR8H1;OR1K1;OR5T1;OR52L1;OR2T34;OR56A4;OR8D4;OR8H2;OR5K3;OR10C1;OR5K2;OR5AS1;OR8H3;OR8K5;OR2Z1;OR4D11;OR11H4;OR11H6;OR4K3;OR10H4;OR4M1;OR2M3;OR4K17;OR51L1;OR4F21;OR51B6;OR4L1;OR4K13;OR2B2;OR6F1;OR52E2;OR5I1;OR2T1;OR10P1;OR52W1;OR4B1;OR10K2;OR4F17;OR51V1;OR4S1;OR4C5;OR5AN1;OR4C3;OR51A7;OR51G2;OR51S1;OR4X1;OR51F2;OR51T1;OR7D4;OR10AG1;OR5J2;OR9G1;OR5M3;OR4S2;OR4D6;OR51Q1;OR51I1;OR1L6;OR4D5;OR13H1;OR8B12;OR1N1;OR1N2;OR2AT4;OR1L3;OR13J1;OR4K15;OR4K14;OR2T7;OR5AK2;OR4F3;OR2D2;OR10A5;OR5H6;OR10W1;OR6X1;OR2A14;OR4C12;OR4E2;OR2A2;OR56B4;OR52B4;OR2A25;OR5B3;OR1C1;OR6B1;OR10K1;OR2A5;OR4A5;OR2F2;OR2A12;OR1L1;OR2Y1;OR4N5;OR13C4;OR5C1;OR8K1;OR5M9;OR2M7;OR14C36;OR2AJ1;OR2T33;OR2T12;OR6K6;OR4F4;OR10A7;OR6C2;OR9A2;CALML3;OR6B3;OR3A1;OR2AP1;OR2D3;OR1E1;OR13D1;OR2G2;OR2T8;OR10Q1;OR2T35;OR2F1;OR2G3;OR5A2;OR5A1;OR5T3;OR52E4;OR10V1;OR5AR1;OR9G4;OR9I1;OR5B2;OR5AP2;OR8J1;OR56A1;OR10H5;OR4D9;OR5B12;OR5AU1;OR10A6;OR6C4;OR2A42;OR10H1;OR2L2;OR51B5;OR8J3;OR4N2;OR2H2;OR7G2;OR10AC1;OR6N1;OR10G3;OR56B1;CALML6;OR9A4;OR7C1;OR1L8	KEGG_2021_Human	False
