sample_id	vital_status	survival_time_in_days	Stage	kras_status	stk11_status	egfr_status	tp53_status	os_days	event
GSM1854798	Alive	1249	4	WT	WT	WT	WT	1249	0
GSM1854799	Alive	1057	2B	WT	WT	WT	WT	1057	0
GSM1854800	Alive	1025	1B	WT	WT	WT	Mut	1025	0
GSM1854801	Alive	895	1B	WT	WT	WT	WT	895	0
GSM1854802	Dead	922	1A	WT	WT	WT	Mut	922	1
GSM1854803	Alive	959	1A	Mut	WT	WT	WT	959	0
GSM1854804	Alive	969	1	Mut	WT	WT	WT	969	0
GSM1854805	Alive	833	1A	WT	WT	WT	Mut	833	0
GSM1854806	Alive	891	1B	WT	WT	WT	WT	891	0
GSM1854807	Dead	524	2B	WT	WT	WT	WT	524	1
GSM1854808	Alive	1035	1A	WT	WT	WT	WT	1035	0
GSM1854809	Alive	43	1A	WT	WT	WT	WT	43	0
GSM1854810	Alive	925	1A	WT	WT	WT	WT	925	0
GSM1854811	Alive	1053	2B	WT	WT	Mut	WT	1053	0
GSM1854812	Alive	24	1A	Mut	WT	WT	WT	24	0
GSM1854813	Alive	825	1A	WT	WT	WT	WT	825	0
GSM1854814	Alive	854	2B	WT	WT	WT	Mut	854	0
GSM1854815	Alive	820	3B	Mut	WT	WT	Mut	820	0
GSM1854816	Alive	412	3A	WT	WT	WT	Mut	412	0
GSM1854817	Alive	297	1A	Mut	Mut	WT	WT	297	0
GSM1854818	Alive	582	1A	WT	WT	WT	WT	582	0
GSM1854819	Alive	28	3A	WT	WT	WT	WT	28	0
GSM1854820	Alive	22	1A	WT	WT	WT	WT	22	0
GSM1854821	Alive	1260	2B	WT	WT	Mut	Mut	1260	0
GSM1854822	Alive	1402	1B	WT	Mut	WT	WT	1402	0
GSM1854823	Alive	799	2B	WT	WT	WT	Mut	799	0
GSM1854825	Alive	1329	1A	WT	WT	WT	Mut	1329	0
GSM1854826	Alive	1488	1B	WT	WT	WT	WT	1488	0
GSM1854827	Alive	579	1B	Mut	WT	WT	Mut	579	0
GSM1854828	Alive	1186	3B	WT	WT	WT	Mut	1186	0
GSM1854829	Alive	1151	3A	WT	WT	WT	Mut	1151	0
GSM1854830	Alive	1323	3B	WT	WT	WT	WT	1323	0
GSM1854831	Dead	314	3A	Mut	Mut	WT	WT	314	1
GSM1854832	Alive	1110	1A	WT	WT	WT	WT	1110	0
GSM1854833	Alive	1494	2B	WT	WT	WT	WT	1494	0
GSM1854834	Alive	1024	1B	WT	WT	Mut	WT	1024	0
GSM1854835	Alive	1134	1A	WT	WT	WT	WT	1134	0
GSM1854836	Dead	508	1A	Mut	Mut	WT	WT	508	1
GSM1854837	Dead	46	2B	Mut	WT	WT	WT	46	1
GSM1854838	Dead	1231	1B	WT	WT	WT	WT	1231	1
GSM1854839	Alive	917	4	WT	WT	Mut	WT	917	0
GSM1854840	Dead	488	1A	WT	WT	WT	WT	488	1
GSM1854841	Alive	730	1B	Mut	WT	WT	WT	730	0
GSM1854842	Dead	1079	3A	WT	WT	WT	WT	1079	1
GSM1854843	Alive	1127	1B	WT	WT	Mut	WT	1127	0
GSM1854844	Dead	193	3A	Mut	Mut	WT	WT	193	1
GSM1854846	Alive	833	1A	Mut	WT	WT	WT	833	0
GSM1854847	Alive	708	1A	WT	WT	WT	WT	708	0
GSM1854848	Alive	1240	1A	WT	WT	WT	WT	1240	0
GSM1854849	Alive	1465	1B	Mut	WT	WT	WT	1465	0
GSM1854850	Alive	1685	1A	Mut	Mut	WT	WT	1685	0
GSM1854851	Alive	1949	1	WT	WT	Mut	Mut	1949	0
GSM1854852	Alive	1569	1A	WT	WT	Mut	WT	1569	0
GSM1854853	Alive	275	1A	WT	WT	WT	WT	275	0
GSM1854854	Alive	1507	1A	WT	WT	Mut	WT	1507	0
GSM1854855	Dead	307	1B	WT	WT	WT	Mut	307	1
GSM1854856	Dead	905	3A	WT	WT	WT	WT	905	1
GSM1854857	Alive	1388	1B	Mut	WT	WT	Mut	1388	0
GSM1854859	Dead	814	3A	Mut	Mut	WT	WT	814	1
GSM1854860	Dead	436	4	Mut	WT	WT	Mut	436	1
GSM1854861	Dead	73	3B	WT	WT	WT	WT	73	1
GSM1854862	Alive	1596	1A	WT	Mut	WT	Mut	1596	0
GSM1854863	Alive	1488	1B	WT	WT	WT	Mut	1488	0
GSM1854864	Dead	398	3B	WT	WT	Mut	WT	398	1
GSM1854865	Alive	1623	2B	Mut	Mut	WT	WT	1623	0
GSM1854866	Alive	1238	1B	WT	Mut	WT	WT	1238	0
GSM1854867	Alive	1481	1B	Mut	WT	WT	WT	1481	0
GSM1854868	Dead	430	2B	Mut	WT	WT	Mut	430	1
GSM1854869	Alive	771	1A	Mut	Mut	WT	WT	771	0
GSM1854870	Alive	1109	1A	WT	WT	WT	Mut	1109	0
GSM1854871	Alive	1120	2B	WT	WT	Mut	WT	1120	0
GSM1854872	Alive	844	1A	WT	WT	WT	WT	844	0
GSM1854873	Alive	1086	1A	WT	WT	WT	WT	1086	0
GSM1854874	Dead	871	2A	Mut	WT	WT	WT	871	1
GSM1854875	Alive	1063	2B	Mut	WT	WT	WT	1063	0
GSM1854876	Alive	907	2B	WT	WT	WT	WT	907	0
GSM1854877	Alive	776	1A	Mut	Mut	WT	WT	776	0
GSM1854879	Alive	974	4	WT	WT	WT	WT	974	0
GSM1854880	Alive	852	1A	WT	WT	WT	WT	852	0
GSM1854881	Dead	732	2B	WT	WT	WT	WT	732	1
GSM1854882	Alive	557	1A	Mut	WT	WT	WT	557	0
GSM1854883	Dead	1074	3B	WT	WT	WT	WT	1074	1
GSM1854884	Dead	328	3A	WT	WT	WT	WT	328	1
GSM1854885	Dead	528	1B	Mut	WT	WT	WT	528	1
GSM1854886	Dead	415	3A	WT	WT	WT	WT	415	1
GSM1854887	Alive	406	1A	WT	Mut	WT	WT	406	0
GSM1854888	Alive	840	1A	Mut	Mut	WT	WT	840	0
GSM1854889	Dead	383	3A	WT	Mut	WT	Mut	383	1
GSM1854890	Alive	1112	2B	Mut	Mut	WT	WT	1112	0
GSM1854891	Dead	442	3B	Mut	WT	WT	Mut	442	1
GSM1854892	Dead	244	2B	WT	WT	WT	WT	244	1
GSM1854893	Dead	3	2B	Mut	WT	WT	Mut	3	1
GSM1854895	Dead	313	3A	Mut	WT	WT	WT	313	1
GSM1854896	Dead	1045	3B	Mut	WT	WT	Mut	1045	1
GSM1854897	Dead	347	1A	Mut	WT	WT	Mut	347	1
GSM1854898	Alive	16	1A	WT	WT	WT	WT	16	0
GSM1854899	Dead	131	4	WT	WT	WT	WT	131	1
GSM1854900	Alive	907	NA	WT	WT	WT	WT	907	0
GSM1854902	Alive	27	1A	Mut	WT	WT	WT	27	0
GSM1854903	Dead	558	3B	WT	WT	WT	WT	558	1
GSM1854904	Alive	1061	1B	WT	WT	WT	WT	1061	0
GSM1854906	Alive	1146	1A	WT	WT	WT	WT	1146	0
GSM1854907	Alive	1070	1A	WT	Mut	WT	WT	1070	0
GSM1854908	Alive	1141	1A	WT	WT	Mut	WT	1141	0
GSM1854909	Alive	889	1	WT	WT	WT	WT	889	0
GSM1854910	Alive	1147	1A	WT	WT	WT	WT	1147	0
GSM1854911	Dead	999	1B	WT	WT	WT	Mut	999	1
GSM1854913	Alive	676	1B	WT	Mut	WT	WT	676	0
GSM1854915	Alive	140	1A	WT	WT	WT	WT	140	0
GSM1854916	Alive	1153	1A	Mut	Mut	WT	WT	1153	0
GSM1854917	Alive	1239	1A	WT	WT	Mut	WT	1239	0
GSM1854918	Alive	1156	2A	Mut	WT	WT	WT	1156	0
GSM1854919	Alive	982	1A	WT	WT	Mut	WT	982	0
GSM1854920	Alive	950	1B	WT	WT	WT	WT	950	0
GSM1854921	Dead	50	2A	WT	WT	WT	Mut	50	1
GSM1854922	Alive	1150	1A	WT	WT	WT	WT	1150	0
GSM1854923	Alive	1326	1B	Mut	WT	WT	WT	1326	0
GSM1854924	Alive	124	1A	WT	WT	Mut	WT	124	0
GSM1854925	Alive	268	4	WT	WT	WT	WT	268	0
GSM1854926	Alive	262	3A	Mut	WT	WT	WT	262	0
GSM1854927	Dead	76	1A	WT	WT	WT	Mut	76	1
GSM1854928	Alive	1239	1B	WT	WT	Mut	WT	1239	0
GSM1854929	Alive	683	1B	WT	WT	WT	WT	683	0
GSM1854930	Alive	926	1B	WT	Mut	WT	WT	926	0
GSM1854931	Alive	956	1B	WT	WT	WT	WT	956	0
GSM1854932	Alive	802	2B	WT	WT	Mut	Mut	802	0
GSM1854933	Alive	818	1A	WT	Mut	WT	WT	818	0
GSM1854934	Alive	849	1B	WT	WT	WT	WT	849	0
GSM1854935	Dead	512	2B	WT	WT	WT	WT	512	1
GSM1854936	Alive	962	1B	WT	Mut	WT	WT	962	0
GSM1854937	Alive	972	2A	WT	WT	WT	WT	972	0
GSM1854938	Alive	79	2B	WT	WT	WT	WT	79	0
GSM1854940	Alive	947	1A	WT	WT	WT	WT	947	0
GSM1854941	Alive	689	4	WT	WT	WT	WT	689	0
GSM1854942	Alive	527	3A	WT	WT	WT	Mut	527	0
GSM1854944	Alive	1166	1B	WT	WT	WT	WT	1166	0
GSM1854945	Alive	1984	3A	Mut	WT	WT	Mut	1984	0
GSM1854947	Dead	281	2B	WT	WT	WT	Mut	281	1
GSM1854948	Dead	310	1A	Mut	WT	WT	WT	310	1
GSM1854950	Alive	874	1B	WT	WT	WT	WT	874	0
GSM1854951	Dead	80	1A	WT	WT	WT	Mut	80	1
GSM1854952	Alive	1106	2A	Mut	Mut	WT	WT	1106	0
GSM1854953	Alive	1779	1A	WT	Mut	WT	WT	1779	0
GSM1854954	Alive	996	4	Mut	WT	WT	WT	996	0
GSM1854955	Alive	758	3A	Mut	Mut	WT	WT	758	0
GSM1854956	Dead	460	1A	WT	WT	WT	Mut	460	1
GSM1854957	Dead	283	2A	WT	WT	WT	WT	283	1
GSM1854958	Alive	921	1A	WT	WT	WT	WT	921	0
GSM1854960	Alive	949	2B	Mut	WT	WT	Mut	949	0
GSM1854961	Dead	113	4	WT	WT	WT	Mut	113	1
GSM1854962	Alive	808	3A	Mut	WT	WT	WT	808	0
GSM1854963	Dead	35	2A	Mut	WT	WT	WT	35	1
GSM1854964	Alive	642	1A	Mut	WT	WT	WT	642	0
GSM1854965	Dead	680	1A	Mut	WT	WT	WT	680	1
GSM1854966	Dead	23	4	WT	WT	WT	WT	23	1
GSM1854967	Alive	924	1B	Mut	WT	WT	Mut	924	0
GSM1854969	Alive	356	1A	WT	WT	WT	WT	356	0
GSM1854970	Alive	392	1B	WT	WT	WT	Mut	392	0
GSM1854971	Alive	489	1B	WT	Mut	WT	WT	489	0
GSM1854972	Alive	919	3B	Mut	WT	WT	WT	919	0
GSM1854973	Alive	913	1A	WT	WT	Mut	WT	913	0
GSM1854974	Alive	840	2B	WT	WT	Mut	WT	840	0
GSM1854975	Alive	911	1B	Mut	Mut	WT	WT	911	0
GSM1854977	Alive	692	1B	WT	WT	WT	Mut	692	0
GSM1854979	Alive	751	1B	WT	Mut	WT	WT	751	0
GSM1854980	Alive	749	1A	WT	WT	WT	WT	749	0
GSM1854981	Dead	591	2A	WT	WT	WT	WT	591	1
GSM1854983	Dead	116	1B	Mut	Mut	WT	WT	116	1
GSM1854984	Alive	20	1A	Mut	Mut	WT	WT	20	0
GSM1854985	Alive	687	3A	WT	WT	WT	WT	687	0
GSM1854986	Alive	577	1B	Mut	WT	WT	WT	577	0
GSM1854987	Alive	937	1A	WT	WT	Mut	Mut	937	0
GSM1854988	Alive	785	1A	Mut	WT	WT	WT	785	0
GSM1854989	Alive	962	1A	Mut	WT	WT	WT	962	0
GSM1854990	Alive	830	1A	WT	WT	Mut	WT	830	0
GSM1854992	Alive	554	1B	Mut	WT	WT	WT	554	0
GSM1854994	Alive	905	1A	WT	WT	Mut	WT	905	0
GSM1854995	Dead	496	1A	Mut	Mut	WT	WT	496	1
GSM1854996	Dead	651	1B	WT	WT	WT	Mut	651	1
GSM1854997	Dead	600	3B	Mut	Mut	WT	WT	600	1
GSM1854998	Dead	852	3A	WT	WT	WT	WT	852	1
GSM1854999	Alive	897	1B	WT	WT	WT	WT	897	0
GSM1855000	Alive	807	1A	Mut	WT	WT	Mut	807	0
GSM1855001	Dead	487	2B	WT	WT	WT	WT	487	1
GSM1855003	Alive	848	1B	WT	WT	WT	WT	848	0
GSM1855004	Alive	1029	1A	Mut	WT	WT	WT	1029	0
GSM1855005	Alive	977	3A	Mut	WT	WT	Mut	977	0
GSM1855006	Alive	988	2B	WT	WT	WT	WT	988	0
GSM1855007	Alive	1130	1A	WT	WT	Mut	WT	1130	0
GSM1855008	Alive	823	1A	WT	WT	WT	WT	823	0
GSM1855009	Alive	756	3A	Mut	Mut	WT	WT	756	0
GSM1855010	Alive	681	1A	WT	WT	WT	WT	681	0
GSM1855011	Alive	1012	1A	Mut	WT	WT	WT	1012	0
GSM1855012	Alive	1079	1B	WT	WT	WT	WT	1079	0
GSM1855014	Dead	1119	1A	WT	WT	WT	WT	1119	1
GSM1855015	Alive	868	1B	WT	WT	WT	WT	868	0
GSM1855016	Alive	994	1A	WT	WT	Mut	Mut	994	0
GSM1855018	Alive	878	1B	WT	WT	WT	WT	878	0
GSM1855019	Dead	358	1A	WT	WT	WT	WT	358	1
GSM1855020	Alive	1189	1A	WT	WT	WT	Mut	1189	0
GSM1855021	Alive	890	1B	Mut	WT	WT	WT	890	0
GSM1855022	Alive	831	1B	WT	WT	WT	WT	831	0
GSM1855023	Alive	1174	2B	WT	WT	WT	Mut	1174	0
GSM1855024	Alive	1006	2A	WT	Mut	WT	WT	1006	0
GSM1855026	Alive	1038	1A	WT	WT	WT	WT	1038	0
GSM1855027	Dead	837	1B	Mut	Mut	WT	WT	837	1
GSM1855028	Alive	911	1A	WT	WT	WT	WT	911	0
GSM1855029	Dead	780	1A	WT	WT	WT	Mut	780	1
GSM1855031	Alive	1033	1A	WT	WT	WT	WT	1033	0
GSM1855032	Alive	818	1B	WT	WT	Mut	WT	818	0
GSM1855033	Alive	1011	1B	WT	WT	Mut	Mut	1011	0
GSM1855034	Alive	809	1A	WT	WT	WT	WT	809	0
GSM1855035	Alive	1074	1A	Mut	WT	WT	WT	1074	0
GSM1855036	Dead	932	1A	WT	WT	WT	WT	932	1
GSM1855037	Alive	1057	1B	Mut	Mut	WT	Mut	1057	0
GSM1855038	Alive	871	1B	WT	WT	WT	WT	871	0
GSM1855039	Dead	267	2B	Mut	WT	WT	WT	267	1
GSM1855040	Alive	807	1A	WT	Mut	WT	Mut	807	0
GSM1855041	Alive	373	1A	Mut	Mut	WT	WT	373	0
GSM1855042	Alive	937	1A	WT	WT	WT	WT	937	0
GSM1855043	Alive	1029	1B	Mut	Mut	WT	WT	1029	0
GSM1855044	Alive	987	1A	Mut	WT	WT	WT	987	0
GSM1855045	Alive	860	1A	Mut	WT	WT	WT	860	0
GSM1855046	Alive	939	1A	Mut	WT	WT	WT	939	0
GSM1855047	Alive	1019	2B	WT	WT	WT	WT	1019	0
GSM1855048	Dead	652	1B	Mut	Mut	WT	WT	652	1
GSM1855049	Dead	219	1A	WT	WT	WT	Mut	219	1
GSM1855050	Alive	698	1B	Mut	WT	WT	WT	698	0
GSM1855051	Alive	622	1A	Mut	WT	WT	WT	622	0
GSM1855052	Dead	951	1A	Mut	WT	WT	WT	951	1
GSM1855053	Alive	1015	1B	WT	WT	Mut	WT	1015	0
GSM1855054	Alive	900	1A	WT	WT	WT	WT	900	0
GSM1855055	Alive	1076	1A	WT	WT	WT	WT	1076	0
GSM1855056	Alive	1061	1B	Mut	WT	WT	WT	1061	0
GSM1855057	Alive	76	2A	WT	WT	WT	WT	76	0
GSM1855059	Alive	588	1B	WT	WT	Mut	Mut	588	0
GSM1855060	Alive	1033	1B	WT	WT	WT	Mut	1033	0
GSM1855061	Dead	759	4	Mut	WT	WT	WT	759	1
GSM1855062	Dead	600	2B	Mut	WT	WT	Mut	600	1
GSM1855063	Dead	349	3A	WT	WT	WT	WT	349	1
GSM1855064	Alive	980	1B	WT	WT	WT	Mut	980	0
GSM1855065	Alive	724	2B	WT	WT	WT	Mut	724	0
GSM1855066	Alive	997	2B	Mut	Mut	WT	Mut	997	0
GSM1855067	Alive	987	1B	Mut	WT	WT	WT	987	0
GSM1855068	Dead	1031	1A	WT	WT	WT	WT	1031	1
GSM1855069	Alive	305	2A	Mut	Mut	WT	Mut	305	0
GSM1855070	Alive	994	3A	WT	WT	Mut	Mut	994	0
GSM1855071	Alive	597	1A	Mut	WT	WT	WT	597	0
GSM1855072	Alive	679	1B	WT	WT	WT	Mut	679	0
GSM1855073	Alive	1042	1A	Mut	WT	WT	WT	1042	0
GSM1855074	Alive	733	1A	Mut	WT	WT	WT	733	0
GSM1855075	Alive	897	2A	WT	WT	WT	WT	897	0
GSM1855076	Alive	917	3A	WT	WT	WT	WT	917	0
GSM1855077	Alive	855	1B	WT	WT	WT	WT	855	0
GSM1855078	Alive	882	1A	WT	WT	WT	Mut	882	0
GSM1855079	Dead	336	1B	Mut	WT	WT	Mut	336	1
GSM1855080	Alive	671	2B	WT	WT	WT	WT	671	0
GSM1855081	Alive	777	1A	WT	WT	WT	Mut	777	0
GSM1855082	Alive	595	1A	WT	WT	WT	WT	595	0
GSM1855083	Alive	832	3A	Mut	Mut	WT	WT	832	0
GSM1855084	Alive	919	1A	WT	Mut	WT	WT	919	0
GSM1855085	Alive	971	1A	WT	WT	WT	WT	971	0
GSM1855086	Alive	882	1B	WT	WT	WT	Mut	882	0
GSM1855087	Alive	938	1B	WT	WT	WT	WT	938	0
GSM1855088	Alive	468	1	Mut	WT	WT	WT	468	0
GSM1855089	Alive	834	1B	Mut	WT	WT	WT	834	0
GSM1855091	Dead	936	1B	Mut	WT	WT	WT	936	1
GSM1855092	Alive	732	1B	WT	WT	WT	WT	732	0
GSM1855093	Alive	766	1A	WT	WT	WT	WT	766	0
GSM1855094	Alive	607	1B	WT	WT	Mut	Mut	607	0
GSM1855095	Alive	578	1A	Mut	WT	WT	Mut	578	0
GSM1855096	Alive	816	3B	WT	WT	WT	WT	816	0
GSM1855097	Alive	853	3A	WT	WT	WT	Mut	853	0
GSM1855098	Alive	759	1B	WT	WT	WT	WT	759	0
GSM1855099	Dead	917	1B	WT	Mut	WT	WT	917	1
GSM1855100	Alive	868	1B	Mut	Mut	WT	WT	868	0
GSM1855101	Dead	920	3A	WT	WT	Mut	Mut	920	1
GSM1855102	Alive	607	3A	WT	WT	WT	WT	607	0
GSM1855103	Alive	568	1B	WT	Mut	WT	Mut	568	0
GSM1855104	Dead	98	NA	WT	WT	WT	Mut	98	1
GSM1855105	Alive	555	1A	WT	WT	Mut	WT	555	0
GSM1855106	Dead	306	1A	WT	WT	WT	WT	306	1
GSM1855107	Alive	906	1A	WT	WT	WT	WT	906	0
GSM1855108	Alive	918	3A	Mut	Mut	WT	WT	918	0
GSM1855109	Dead	693	1A	WT	WT	WT	Mut	693	1
GSM1855110	Alive	680	2A	WT	WT	Mut	WT	680	0
GSM1855111	Alive	539	NA	WT	WT	WT	WT	539	0
GSM1855112	Alive	820	1A	Mut	WT	WT	WT	820	0
GSM1855113	Alive	750	1A	WT	WT	Mut	WT	750	0
GSM1855114	Alive	708	1A	Mut	Mut	WT	WT	708	0
GSM1855116	Alive	672	1A	Mut	WT	WT	Mut	672	0
GSM1855117	Alive	470	3A	WT	Mut	WT	WT	470	0
GSM1855118	Alive	54	3B	WT	WT	WT	WT	54	0
GSM1855119	Alive	780	3A	Mut	Mut	WT	WT	780	0
GSM1855120	Dead	216	1B	WT	WT	WT	WT	216	1
GSM1855121	Dead	294	3A	Mut	Mut	WT	WT	294	1
GSM1855122	Alive	757	2A	WT	WT	Mut	WT	757	0
GSM1855123	Alive	760	1A	WT	WT	WT	WT	760	0
GSM1855124	Alive	1089	1B	WT	WT	WT	WT	1089	0
GSM1855125	Dead	17	1B	Mut	WT	WT	WT	17	1
GSM1855126	Alive	577	2B	Mut	WT	WT	WT	577	0
GSM1855127	Alive	539	3A	WT	WT	WT	WT	539	0
GSM1855128	Alive	906	1A	WT	WT	WT	WT	906	0
GSM1855129	Alive	628	1A	WT	WT	WT	WT	628	0
GSM1855131	Dead	696	1A	Mut	WT	WT	WT	696	1
GSM1855132	Alive	858	1B	WT	WT	WT	WT	858	0
GSM1855133	Alive	701	1B	WT	WT	WT	WT	701	0
GSM1855134	Dead	382	1A	WT	WT	WT	WT	382	1
GSM1855135	Alive	539	3A	WT	WT	WT	WT	539	0
GSM1855136	Dead	4	1A	Mut	WT	WT	WT	4	1
GSM1855137	Alive	557	3A	Mut	WT	WT	Mut	557	0
GSM1855138	Alive	619	1A	Mut	WT	WT	WT	619	0
GSM1855140	Alive	830	1A	WT	WT	WT	WT	830	0
GSM1855141	Alive	821	1A	WT	WT	WT	Mut	821	0
GSM1855142	Alive	831	1A	Mut	WT	WT	WT	831	0
GSM1855143	Alive	591	1A	Mut	WT	WT	WT	591	0
GSM1855144	Alive	850	1B	WT	WT	WT	WT	850	0
GSM1855145	Dead	809	1A	Mut	WT	WT	WT	809	1
GSM1855146	Alive	142	1A	Mut	WT	WT	Mut	142	0
GSM1855147	Alive	807	1A	Mut	WT	WT	WT	807	0
GSM1855149	Alive	832	1B	WT	WT	WT	WT	832	0
GSM1855150	Dead	98	2B	Mut	WT	WT	Mut	98	1
GSM1855151	Alive	798	1A	WT	WT	WT	WT	798	0
GSM1855152	Alive	799	1A	WT	WT	WT	WT	799	0
GSM1855153	Dead	325	1B	WT	Mut	WT	Mut	325	1
GSM1855156	Alive	978	2B	WT	WT	WT	Mut	978	0
GSM1855157	Alive	806	2B	WT	WT	WT	WT	806	0
GSM1855158	Alive	698	2A	WT	WT	WT	WT	698	0
GSM1855159	Alive	861	1A	WT	WT	Mut	WT	861	0
GSM1855160	Alive	325	2A	WT	Mut	WT	WT	325	0
GSM1855161	Dead	332	1B	WT	WT	WT	WT	332	1
GSM1855162	Alive	734	1B	WT	WT	Mut	WT	734	0
GSM1855163	Alive	867	1A	Mut	WT	WT	Mut	867	0
GSM1855164	Alive	830	2B	Mut	WT	WT	Mut	830	0
GSM1855165	Dead	541	1B	WT	Mut	WT	WT	541	1
GSM1855166	Alive	679	2B	Mut	WT	WT	WT	679	0
GSM1855168	Dead	40	1A	Mut	WT	WT	WT	40	1
GSM1855169	Alive	740	1A	Mut	WT	WT	WT	740	0
GSM1855170	Alive	540	1A	WT	WT	WT	WT	540	0
GSM1855171	Alive	1155	1A	Mut	WT	WT	Mut	1155	0
GSM1855172	Alive	797	1A	WT	WT	WT	WT	797	0
GSM1855173	Dead	676	2B	Mut	WT	WT	WT	676	1
GSM1855174	Alive	540	3A	WT	WT	WT	WT	540	0
GSM1855175	Dead	380	3A	Mut	WT	WT	WT	380	1
GSM1855176	Alive	1350	NA	Mut	WT	WT	WT	1350	0
GSM1855177	Alive	570	1A	WT	WT	Mut	Mut	570	0
GSM1855178	Dead	58	2B	Mut	Mut	WT	WT	58	1
GSM1855179	Alive	5	1B	Mut	WT	WT	WT	5	0
GSM1855180	Alive	554	3A	Mut	WT	WT	WT	554	0
GSM1855181	Alive	534	2A	WT	Mut	WT	Mut	534	0
GSM1855182	Alive	4	2B	WT	WT	Mut	WT	4	0
GSM1855183	Alive	1692	2B	WT	WT	WT	WT	1692	0
GSM1855184	Dead	223	2A	WT	WT	WT	WT	223	1
GSM1855185	Alive	1085	1B	WT	WT	WT	Mut	1085	0
GSM1855187	Dead	912	4	WT	WT	WT	WT	912	1
GSM1855188	Dead	1357	1B	Mut	WT	WT	WT	1357	1
GSM1855189	Dead	844	4	WT	Mut	WT	WT	844	1
GSM1855190	Dead	520	1A	WT	WT	WT	Mut	520	1
GSM1855192	Dead	239	2B	WT	WT	WT	Mut	239	1
GSM1855193	Alive	349	1B	Mut	WT	WT	Mut	349	0
GSM1855195	Dead	1025	2B	WT	WT	WT	WT	1025	1
GSM1855196	Dead	1560	2B	Mut	WT	WT	WT	1560	1
GSM1855198	Dead	564	NA	WT	WT	WT	Mut	564	1
GSM1855199	Dead	293	1B	Mut	WT	WT	WT	293	1
GSM1855200	Dead	1053	1A	Mut	Mut	WT	WT	1053	1
GSM1855202	Dead	627	1B	Mut	WT	WT	WT	627	1
GSM1855203	Alive	395	3B	Mut	WT	WT	Mut	395	0
GSM1855204	Dead	1007	3A	WT	WT	Mut	WT	1007	1
GSM1855206	Dead	681	3A	WT	WT	WT	WT	681	1
GSM1855207	Alive	1293	2B	WT	WT	WT	Mut	1293	0
GSM1855208	Dead	1293	1B	WT	WT	WT	WT	1293	1
GSM1855209	Dead	968	1B	Mut	WT	WT	WT	968	1
GSM1855210	Alive	1843	1A	WT	Mut	WT	Mut	1843	0
GSM1855211	Alive	1616	1B	Mut	Mut	WT	WT	1616	0
GSM1855212	Alive	1559	4	WT	Mut	WT	WT	1559	0
GSM1855213	Alive	1703	1A	WT	WT	WT	WT	1703	0
GSM1855214	Alive	1834	1A	WT	WT	WT	WT	1834	0
GSM1855215	Alive	1551	1B	WT	WT	WT	WT	1551	0
GSM1855217	Alive	1554	1B	WT	WT	Mut	WT	1554	0
GSM1855218	Dead	489	4	WT	WT	WT	WT	489	1
GSM1855219	Dead	216	3B	WT	WT	WT	WT	216	1
GSM1855220	Alive	1510	1B	Mut	Mut	WT	Mut	1510	0
GSM1855221	Alive	701	1A	WT	WT	WT	WT	701	0
GSM1855222	Alive	1363	1A	WT	WT	WT	WT	1363	0
GSM1855223	Dead	1135	1A	WT	WT	WT	WT	1135	1
GSM1855224	Dead	618	2B	Mut	WT	WT	Mut	618	1
GSM1855225	Dead	1037	1	WT	WT	WT	Mut	1037	1
GSM1855226	Alive	1599	1A	Mut	WT	WT	WT	1599	0
GSM1855228	Dead	171	3B	WT	Mut	WT	WT	171	1
GSM1855229	Alive	2077	1A	WT	WT	WT	WT	2077	0
GSM1855230	Alive	1652	2B	WT	WT	WT	WT	1652	0
GSM1855231	Dead	489	2B	WT	WT	WT	WT	489	1
GSM1855232	Dead	762	1A	Mut	WT	WT	WT	762	1
GSM1855234	Alive	1693	1B	Mut	WT	WT	Mut	1693	0
GSM1855235	Dead	713	1A	WT	WT	Mut	Mut	713	1
GSM1855236	Alive	1652	1B	WT	WT	WT	Mut	1652	0
GSM1855237	Dead	181	3A	WT	WT	WT	WT	181	1
GSM1855238	Dead	1629	1A	Mut	WT	WT	WT	1629	1
